// ----------------------------------------------------------------------------
//  ui_font_sans40b.c — готовый шрифт DejaVu Sans (DejaVuSans-Bold.ttf, 40 px)
//  Назначение: крупный заголовок сплэш-экрана
//  Автогенерировано скриптом tools/make_font.py — НЕ редактировать руками.
//  Перегенерация:  python3 tools/make_font.py
//  Лицензия шрифта: DejaVu (Bitstream Vera License + public domain),
//  свободно допускает встраивание в прошивку и распространение.
// ----------------------------------------------------------------------------

#include "ui.h"

// Растры всех 172 глифов: 1 бит на пиксель, старший бит — левый
static const uint8_t ui_font_sans40b_bitmap[] = {
    0xFE, 0xFE, 0xFE, 0xFE, 0xFE, 0xFE, 0xFE, 0xFE, 0xFE, 0xFE, 0xFE, 0xFE, 0xFE, 0xFE, 0xFE, 0x7C,
    0x7C, 0x7C, 0x7C, 0x00, 0x00, 0x00, 0xFE, 0xFE, 0xFE, 0xFE, 0xFE, 0xFE, 0xFE, 0xF8, 0x7C, 0xF8,
    0x7C, 0xF8, 0x7C, 0xF8, 0x7C, 0xF8, 0x7C, 0xF8, 0x7C, 0xF8, 0x7C, 0xF8, 0x7C, 0xF8, 0x7C, 0xF8,
    0x7C, 0xF8, 0x7C, 0x00, 0x1E, 0x0F, 0x00, 0x00, 0x3E, 0x0F, 0x00, 0x00, 0x3C, 0x0F, 0x00, 0x00,
    0x3C, 0x1F, 0x00, 0x00, 0x3C, 0x1E, 0x00, 0x00, 0x7C, 0x1E, 0x00, 0x00, 0x7C, 0x1E, 0x00, 0x00,
    0x78, 0x3E, 0x00, 0x3F, 0xFF, 0xFF, 0xF0, 0x3F, 0xFF, 0xFF, 0xF0, 0x3F, 0xFF, 0xFF, 0xF0, 0x3F,
    0xFF, 0xFF, 0xF0, 0x00, 0xF0, 0x78, 0x00, 0x01, 0xF0, 0x78, 0x00, 0x01, 0xE0, 0x78, 0x00, 0x01,
    0xE0, 0xF8, 0x00, 0x01, 0xE0, 0xF0, 0x00, 0xFF, 0xFF, 0xFF, 0xC0, 0xFF, 0xFF, 0xFF, 0xC0, 0xFF,
    0xFF, 0xFF, 0xC0, 0xFF, 0xFF, 0xFF, 0xC0, 0x07, 0xC1, 0xE0, 0x00, 0x07, 0x81, 0xE0, 0x00, 0x07,
    0x83, 0xE0, 0x00, 0x07, 0x83, 0xC0, 0x00, 0x0F, 0x83, 0xC0, 0x00, 0x0F, 0x83, 0xC0, 0x00, 0x0F,
    0x07, 0xC0, 0x00, 0x0F, 0x07, 0x80, 0x00, 0x00, 0x70, 0x00, 0x00, 0x70, 0x00, 0x00, 0x70, 0x00,
    0x00, 0x70, 0x00, 0x03, 0xFF, 0x00, 0x1F, 0xFF, 0xE0, 0x3F, 0xFF, 0xE0, 0x7F, 0xFF, 0xE0, 0x7E,
    0x71, 0xE0, 0xFC, 0x70, 0x20, 0xFC, 0x70, 0x00, 0xFC, 0x70, 0x00, 0xFE, 0x70, 0x00, 0xFF, 0x70,
    0x00, 0xFF, 0xFC, 0x00, 0x7F, 0xFF, 0x80, 0x7F, 0xFF, 0xE0, 0x3F, 0xFF, 0xF0, 0x0F, 0xFF, 0xF0,
    0x03, 0xFF, 0xF8, 0x00, 0x7F, 0xF8, 0x00, 0x73, 0xF8, 0x00, 0x71, 0xF8, 0x00, 0x71, 0xF8, 0x80,
    0x71, 0xF8, 0xF0, 0x73, 0xF0, 0xFF, 0xFF, 0xF0, 0xFF, 0xFF, 0xE0, 0xFF, 0xFF, 0xC0, 0x1F, 0xFE,
    0x00, 0x00, 0x70, 0x00, 0x00, 0x70, 0x00, 0x00, 0x70, 0x00, 0x00, 0x70, 0x00, 0x00, 0x70, 0x00,
    0x00, 0x70, 0x00, 0x07, 0xE0, 0x00, 0x3C, 0x00, 0x1F, 0xF8, 0x00, 0x78, 0x00, 0x3F, 0xFC, 0x00,
    0xF8, 0x00, 0x7E, 0x7E, 0x00, 0xF0, 0x00, 0x7C, 0x3E, 0x01, 0xF0, 0x00, 0xF8, 0x1F, 0x01, 0xE0,
    0x00, 0xF8, 0x1F, 0x03, 0xC0, 0x00, 0xF8, 0x1F, 0x07, 0xC0, 0x00, 0xF8, 0x1F, 0x07, 0x80, 0x00,
    0xF8, 0x1F, 0x0F, 0x80, 0x00, 0xF8, 0x1F, 0x0F, 0x00, 0x00, 0x7C, 0x3E, 0x1E, 0x00, 0x00, 0x7C,
    0x7E, 0x3E, 0x00, 0x00, 0x3F, 0xFC, 0x3C, 0x00, 0x00, 0x1F, 0xF8, 0x7C, 0x1F, 0x80, 0x07, 0xE0,
    0x78, 0x7F, 0xE0, 0x00, 0x00, 0xF0, 0xFF, 0xF0, 0x00, 0x01, 0xF1, 0xF1, 0xF8, 0x00, 0x01, 0xE1,
    0xF0, 0xF8, 0x00, 0x03, 0xC3, 0xE0, 0x7C, 0x00, 0x07, 0xC3, 0xE0, 0x7C, 0x00, 0x07, 0x83, 0xE0,
    0x7C, 0x00, 0x0F, 0x83, 0xE0, 0x7C, 0x00, 0x0F, 0x03, 0xE0, 0x7C, 0x00, 0x1E, 0x03, 0xE0, 0x7C,
    0x00, 0x3E, 0x01, 0xF0, 0xF8, 0x00, 0x3C, 0x01, 0xF0, 0xF8, 0x00, 0x7C, 0x00, 0xFF, 0xF0, 0x00,
    0x78, 0x00, 0x7F, 0xE0, 0x00, 0xF0, 0x00, 0x1F, 0x80, 0x00, 0x7F, 0xE0, 0x00, 0x01, 0xFF, 0xF8,
    0x00, 0x03, 0xFF, 0xF8, 0x00, 0x07, 0xFF, 0xF8, 0x00, 0x07, 0xFF, 0xF8, 0x00, 0x0F, 0xF0, 0x18,
    0x00, 0x0F, 0xE0, 0x00, 0x00, 0x0F, 0xE0, 0x00, 0x00, 0x0F, 0xE0, 0x00, 0x00, 0x0F, 0xF0, 0x00,
    0x00, 0x07, 0xF8, 0x00, 0x00, 0x03, 0xFC, 0x00, 0x00, 0x07, 0xFE, 0x00, 0x00, 0x0F, 0xFF, 0x00,
    0xFC, 0x1F, 0xFF, 0x80, 0xFC, 0x3F, 0xFF, 0x80, 0xFC, 0x7F, 0x3F, 0xC1, 0xF8, 0x7F, 0x1F, 0xE1,
    0xF8, 0xFE, 0x0F, 0xF3, 0xF8, 0xFE, 0x07, 0xFF, 0xF0, 0xFE, 0x03, 0xFF, 0xF0, 0xFE, 0x01, 0xFF,
    0xE0, 0xFF, 0x00, 0xFF, 0xC0, 0xFF, 0x80, 0x7F, 0xC0, 0x7F, 0xC1, 0xFF, 0xE0, 0x7F, 0xFF, 0xFF,
    0xE0, 0x3F, 0xFF, 0xFF, 0xF0, 0x1F, 0xFF, 0xFF, 0xF8, 0x07, 0xFF, 0xE7, 0xFC, 0x01, 0xFF, 0x03,
    0xFE, 0xF8, 0xF8, 0xF8, 0xF8, 0xF8, 0xF8, 0xF8, 0xF8, 0xF8, 0xF8, 0xF8, 0x03, 0xF0, 0x07, 0xE0,
    0x07, 0xE0, 0x0F, 0xC0, 0x0F, 0xC0, 0x1F, 0x80, 0x1F, 0x80, 0x3F, 0x80, 0x3F, 0x00, 0x7F, 0x00,
    0x7F, 0x00, 0x7F, 0x00, 0x7F, 0x00, 0xFE, 0x00, 0xFE, 0x00, 0xFE, 0x00, 0xFE, 0x00, 0xFE, 0x00,
    0xFE, 0x00, 0xFE, 0x00, 0xFE, 0x00, 0xFE, 0x00, 0xFE, 0x00, 0x7E, 0x00, 0x7F, 0x00, 0x7F, 0x00,
    0x7F, 0x00, 0x3F, 0x00, 0x3F, 0x80, 0x1F, 0x80, 0x1F, 0x80, 0x0F, 0xC0, 0x0F, 0xC0, 0x07, 0xE0,
    0x07, 0xE0, 0x03, 0xF0, 0xFC, 0x00, 0x7E, 0x00, 0x7E, 0x00, 0x3F, 0x00, 0x3F, 0x00, 0x1F, 0x80,
    0x1F, 0x80, 0x1F, 0xC0, 0x0F, 0xC0, 0x0F, 0xE0, 0x0F, 0xE0, 0x0F, 0xE0, 0x0F, 0xE0, 0x07, 0xF0,
    0x07, 0xF0, 0x07, 0xF0, 0x07, 0xF0, 0x07, 0xF0, 0x07, 0xF0, 0x07, 0xF0, 0x07, 0xF0, 0x07, 0xF0,
    0x07, 0xF0, 0x0F, 0xE0, 0x0F, 0xE0, 0x0F, 0xE0, 0x0F, 0xE0, 0x0F, 0xC0, 0x1F, 0xC0, 0x1F, 0x80,
    0x1F, 0x80, 0x3F, 0x00, 0x3F, 0x00, 0x7E, 0x00, 0x7E, 0x00, 0xFC, 0x00, 0x00, 0xE0, 0x00, 0x00,
    0xE0, 0x00, 0x00, 0xE0, 0x00, 0x40, 0xE0, 0x40, 0x70, 0xE1, 0xC0, 0xFC, 0xE7, 0xE0, 0x7F, 0xFF,
    0xC0, 0x1F, 0xFF, 0x00, 0x07, 0xFC, 0x00, 0x03, 0xF8, 0x00, 0x07, 0xFC, 0x00, 0x1F, 0xFF, 0x00,
    0x7F, 0xFF, 0xC0, 0xFC, 0xE7, 0xE0, 0x70, 0xE1, 0xC0, 0x40, 0xE0, 0x40, 0x00, 0xE0, 0x00, 0x00,
    0xE0, 0x00, 0x00, 0xE0, 0x00, 0x00, 0x3E, 0x00, 0x00, 0x00, 0x3E, 0x00, 0x00, 0x00, 0x3E, 0x00,
    0x00, 0x00, 0x3E, 0x00, 0x00, 0x00, 0x3E, 0x00, 0x00, 0x00, 0x3E, 0x00, 0x00, 0x00, 0x3E, 0x00,
    0x00, 0x00, 0x3E, 0x00, 0x00, 0x00, 0x3E, 0x00, 0x00, 0x00, 0x3E, 0x00, 0x00, 0xFF, 0xFF, 0xFF,
    0x80, 0xFF, 0xFF, 0xFF, 0x80, 0xFF, 0xFF, 0xFF, 0x80, 0xFF, 0xFF, 0xFF, 0x80, 0xFF, 0xFF, 0xFF,
    0x80, 0x00, 0x3E, 0x00, 0x00, 0x00, 0x3E, 0x00, 0x00, 0x00, 0x3E, 0x00, 0x00, 0x00, 0x3E, 0x00,
    0x00, 0x00, 0x3E, 0x00, 0x00, 0x00, 0x3E, 0x00, 0x00, 0x00, 0x3E, 0x00, 0x00, 0x00, 0x3E, 0x00,
    0x00, 0x00, 0x3E, 0x00, 0x00, 0x00, 0x3E, 0x00, 0x00, 0x3F, 0x80, 0x3F, 0x80, 0x3F, 0x80, 0x3F,
    0x80, 0x3F, 0x80, 0x3F, 0x80, 0x3F, 0x80, 0x3F, 0x00, 0x7E, 0x00, 0x7C, 0x00, 0x7C, 0x00, 0xF8,
    0x00, 0xF0, 0x00, 0xFF, 0xF0, 0xFF, 0xF0, 0xFF, 0xF0, 0xFF, 0xF0, 0xFF, 0xF0, 0xFF, 0xF0, 0xFE,
    0xFE, 0xFE, 0xFE, 0xFE, 0xFE, 0xFE, 0xFE, 0x00, 0x3E, 0x00, 0x3E, 0x00, 0x3C, 0x00, 0x7C, 0x00,
    0x7C, 0x00, 0x78, 0x00, 0xF8, 0x00, 0xF8, 0x00, 0xF0, 0x01, 0xF0, 0x01, 0xF0, 0x01, 0xE0, 0x01,
    0xE0, 0x03, 0xE0, 0x03, 0xC0, 0x03, 0xC0, 0x07, 0xC0, 0x07, 0x80, 0x07, 0x80, 0x0F, 0x80, 0x0F,
    0x00, 0x0F, 0x00, 0x1F, 0x00, 0x1E, 0x00, 0x1E, 0x00, 0x3E, 0x00, 0x3E, 0x00, 0x3C, 0x00, 0x7C,
    0x00, 0x7C, 0x00, 0x78, 0x00, 0xF8, 0x00, 0xF8, 0x00, 0x00, 0xFF, 0x00, 0x03, 0xFF, 0xC0, 0x0F,
    0xFF, 0xF0, 0x1F, 0xFF, 0xF8, 0x1F, 0xFF, 0xF8, 0x3F, 0xC3, 0xFC, 0x3F, 0x81, 0xFC, 0x7F, 0x81,
    0xFE, 0x7F, 0x81, 0xFE, 0x7F, 0x00, 0xFE, 0xFF, 0x00, 0xFF, 0xFF, 0x00, 0xFF, 0xFF, 0x00, 0xFF,
    0xFF, 0x00, 0xFF, 0xFF, 0x00, 0xFF, 0xFF, 0x00, 0xFF, 0xFF, 0x00, 0xFF, 0xFF, 0x00, 0xFF, 0xFF,
    0x00, 0xFF, 0xFF, 0x00, 0xFF, 0x7F, 0x00, 0xFE, 0x7F, 0x81, 0xFE, 0x7F, 0x81, 0xFE, 0x3F, 0x81,
    0xFC, 0x3F, 0xC3, 0xFC, 0x1F, 0xFF, 0xF8, 0x1F, 0xFF, 0xF8, 0x0F, 0xFF, 0xE0, 0x03, 0xFF, 0xC0,
    0x00, 0xFF, 0x00, 0x1F, 0xFC, 0x00, 0xFF, 0xFC, 0x00, 0xFF, 0xFC, 0x00, 0xFF, 0xFC, 0x00, 0xFF,
    0xFC, 0x00, 0xF1, 0xFC, 0x00, 0x01, 0xFC, 0x00, 0x01, 0xFC, 0x00, 0x01, 0xFC, 0x00, 0x01, 0xFC,
    0x00, 0x01, 0xFC, 0x00, 0x01, 0xFC, 0x00, 0x01, 0xFC, 0x00, 0x01, 0xFC, 0x00, 0x01, 0xFC, 0x00,
    0x01, 0xFC, 0x00, 0x01, 0xFC, 0x00, 0x01, 0xFC, 0x00, 0x01, 0xFC, 0x00, 0x01, 0xFC, 0x00, 0x01,
    0xFC, 0x00, 0x01, 0xFC, 0x00, 0x01, 0xFC, 0x00, 0x01, 0xFC, 0x00, 0xFF, 0xFF, 0xF8, 0xFF, 0xFF,
    0xF8, 0xFF, 0xFF, 0xF8, 0xFF, 0xFF, 0xF8, 0xFF, 0xFF, 0xF8, 0x07, 0xFC, 0x00, 0x7F, 0xFF, 0x80,
    0xFF, 0xFF, 0xC0, 0xFF, 0xFF, 0xE0, 0xFF, 0xFF, 0xF0, 0xF8, 0x1F, 0xF0, 0xE0, 0x0F, 0xF8, 0x80,
    0x07, 0xF8, 0x00, 0x07, 0xF8, 0x00, 0x07, 0xF8, 0x00, 0x07, 0xF8, 0x00, 0x07, 0xF0, 0x00, 0x0F,
    0xF0, 0x00, 0x1F, 0xE0, 0x00, 0x3F, 0xE0, 0x00, 0x7F, 0xC0, 0x00, 0xFF, 0x80, 0x01, 0xFF, 0x00,
    0x03, 0xFC, 0x00, 0x07, 0xF8, 0x00, 0x0F, 0xF0, 0x00, 0x1F, 0xE0, 0x00, 0x3F, 0xC0, 0x00, 0x7F,
    0x80, 0x00, 0xFF, 0xFF, 0xF8, 0xFF, 0xFF, 0xF8, 0xFF, 0xFF, 0xF8, 0xFF, 0xFF, 0xF8, 0xFF, 0xFF,
    0xF8, 0xFF, 0xFF, 0xF8, 0x0F, 0xFE, 0x00, 0x7F, 0xFF, 0xC0, 0x7F, 0xFF, 0xE0, 0x7F, 0xFF, 0xF0,
    0x7F, 0xFF, 0xF0, 0x78, 0x1F, 0xF8, 0x40, 0x0F, 0xF8, 0x00, 0x07, 0xF8, 0x00, 0x07, 0xF8, 0x00,
    0x07, 0xF8, 0x00, 0x0F, 0xF0, 0x00, 0x1F, 0xF0, 0x07, 0xFF, 0xC0, 0x07, 0xFF, 0x00, 0x07, 0xFF,
    0xC0, 0x07, 0xFF, 0xE0, 0x07, 0xFF, 0xF0, 0x00, 0x1F, 0xF8, 0x00, 0x07, 0xFC, 0x00, 0x03, 0xFC,
    0x00, 0x03, 0xFC, 0x00, 0x03, 0xFC, 0x00, 0x03, 0xFC, 0x80, 0x07, 0xFC, 0xF0, 0x1F, 0xF8, 0xFF,
    0xFF, 0xF8, 0xFF, 0xFF, 0xF0, 0xFF, 0xFF, 0xE0, 0xFF, 0xFF, 0x80, 0x1F, 0xFC, 0x00, 0x00, 0x1F,
    0xF0, 0x00, 0x1F, 0xF0, 0x00, 0x3F, 0xF0, 0x00, 0x7F, 0xF0, 0x00, 0x7F, 0xF0, 0x00, 0xFF, 0xF0,
    0x01, 0xFF, 0xF0, 0x03, 0xF7, 0xF0, 0x03, 0xE7, 0xF0, 0x07, 0xE7, 0xF0, 0x0F, 0xC7, 0xF0, 0x0F,
    0x87, 0xF0, 0x1F, 0x87, 0xF0, 0x3F, 0x07, 0xF0, 0x3E, 0x07, 0xF0, 0x7C, 0x07, 0xF0, 0xFC, 0x07,
    0xF0, 0xF8, 0x07, 0xF0, 0xFF, 0xFF, 0xFF, 0xFF, 0xFF, 0xFF, 0xFF, 0xFF, 0xFF, 0xFF, 0xFF, 0xFF,
    0xFF, 0xFF, 0xFF, 0x00, 0x07, 0xF0, 0x00, 0x07, 0xF0, 0x00, 0x07, 0xF0, 0x00, 0x07, 0xF0, 0x00,
    0x07, 0xF0, 0x00, 0x07, 0xF0, 0x7F, 0xFF, 0xF0, 0x7F, 0xFF, 0xF0, 0x7F, 0xFF, 0xF0, 0x7F, 0xFF,
    0xF0, 0x7F, 0xFF, 0xF0, 0x7F, 0xFF, 0xF0, 0x7E, 0x00, 0x00, 0x7E, 0x00, 0x00, 0x7E, 0x00, 0x00,
    0x7F, 0xFE, 0x00, 0x7F, 0xFF, 0x80, 0x7F, 0xFF, 0xE0, 0x7F, 0xFF, 0xF0, 0x7F, 0xFF, 0xF8, 0x78,
    0x1F, 0xF8, 0x40, 0x07, 0xF8, 0x00, 0x07, 0xFC, 0x00, 0x03, 0xFC, 0x00, 0x03, 0xFC, 0x00, 0x03,
    0xFC, 0x00, 0x03, 0xFC, 0x80, 0x07, 0xFC, 0xE0, 0x07, 0xF8, 0xF8, 0x1F, 0xF8, 0xFF, 0xFF, 0xF0,
    0xFF, 0xFF, 0xF0, 0xFF, 0xFF, 0xE0, 0x7F, 0xFF, 0x80, 0x07, 0xFC, 0x00, 0x00, 0x7F, 0x80, 0x01,
    0xFF, 0xF0, 0x07, 0xFF, 0xF8, 0x0F, 0xFF, 0xF8, 0x1F, 0xFF, 0xF8, 0x1F, 0xE0, 0x38, 0x3F, 0xC0,
    0x08, 0x7F, 0x00, 0x00, 0x7F, 0x00, 0x00, 0x7E, 0x00, 0x00, 0xFE, 0x3F, 0x80, 0xFE, 0xFF, 0xE0,
    0xFF, 0xFF, 0xF0, 0xFF, 0xFF, 0xF8, 0xFF, 0xFF, 0xFC, 0xFF, 0xC3, 0xFC, 0xFF, 0x81, 0xFE, 0xFF,
    0x00, 0xFE, 0xFF, 0x00, 0xFE, 0xFF, 0x00, 0xFE, 0xFF, 0x00, 0xFE, 0x7F, 0x00, 0xFE, 0x7F, 0x00,
    0xFE, 0x7F, 0x81, 0xFC, 0x3F, 0xC3, 0xFC, 0x1F, 0xFF, 0xF8, 0x1F, 0xFF, 0xF8, 0x0F, 0xFF, 0xF0,
    0x03, 0xFF, 0xC0, 0x00, 0xFF, 0x00, 0xFF, 0xFF, 0xFC, 0xFF, 0xFF, 0xFC, 0xFF, 0xFF, 0xFC, 0xFF,
    0xFF, 0xFC, 0xFF, 0xFF, 0xFC, 0xFF, 0xFF, 0xF8, 0x00, 0x03, 0xF8, 0x00, 0x07, 0xF8, 0x00, 0x07,
    0xF0, 0x00, 0x0F, 0xF0, 0x00, 0x0F, 0xE0, 0x00, 0x1F, 0xE0, 0x00, 0x1F, 0xC0, 0x00, 0x1F, 0xC0,
    0x00, 0x3F, 0x80, 0x00, 0x3F, 0x80, 0x00, 0x7F, 0x00, 0x00, 0x7F, 0x00, 0x00, 0xFE, 0x00, 0x00,
    0xFE, 0x00, 0x01, 0xFE, 0x00, 0x01, 0xFC, 0x00, 0x03, 0xFC, 0x00, 0x03, 0xF8, 0x00, 0x07, 0xF8,
    0x00, 0x07, 0xF0, 0x00, 0x0F, 0xF0, 0x00, 0x0F, 0xE0, 0x00, 0x0F, 0xE0, 0x00, 0x01, 0xFF, 0x00,
    0x0F, 0xFF, 0xE0, 0x1F, 0xFF, 0xF0, 0x3F, 0xFF, 0xF8, 0x3F, 0xFF, 0xF8, 0x7F, 0xC3, 0xFC, 0x7F,
    0x01, 0xFC, 0x7F, 0x01, 0xFC, 0x7F, 0x01, 0xFC, 0x7F, 0x01, 0xFC, 0x7F, 0x01, 0xF8, 0x3F, 0x83,
    0xF8, 0x1F, 0xFF, 0xF0, 0x0F, 0xFF, 0xE0, 0x07, 0xFF, 0xC0, 0x1F, 0xFF, 0xF0, 0x3F, 0xFF, 0xF8,
    0x7F, 0x83, 0xFC, 0x7F, 0x01, 0xFC, 0xFE, 0x00, 0xFE, 0xFE, 0x00, 0xFE, 0xFE, 0x00, 0xFE, 0xFE,
    0x00, 0xFE, 0xFF, 0x01, 0xFE, 0xFF, 0x83, 0xFE, 0x7F, 0xFF, 0xFC, 0x7F, 0xFF, 0xF8, 0x3F, 0xFF,
    0xF8, 0x0F, 0xFF, 0xE0, 0x01, 0xFF, 0x00, 0x01, 0xFE, 0x00, 0x07, 0xFF, 0x80, 0x1F, 0xFF, 0xE0,
    0x3F, 0xFF, 0xF0, 0x3F, 0xFF, 0xF0, 0x7F, 0x87, 0xF8, 0x7F, 0x03, 0xFC, 0xFE, 0x01, 0xFC, 0xFE,
    0x01, 0xFC, 0xFE, 0x01, 0xFC, 0xFE, 0x01, 0xFE, 0xFE, 0x01, 0xFE, 0xFE, 0x01, 0xFE, 0xFF, 0x03,
    0xFE, 0x7F, 0x87, 0xFE, 0x7F, 0xFF, 0xFE, 0x3F, 0xFF, 0xFE, 0x1F, 0xFF, 0xFE, 0x0F, 0xFE, 0xFE,
    0x03, 0xF8, 0xFC, 0x00, 0x01, 0xFC, 0x00, 0x01, 0xFC, 0x00, 0x03, 0xFC, 0x20, 0x07, 0xF8, 0x38,
    0x0F, 0xF8, 0x3F, 0xFF, 0xF0, 0x3F, 0xFF, 0xE0, 0x3F, 0xFF, 0xC0, 0x1F, 0xFF, 0x00, 0x03, 0xF8,
    0x00, 0xFE, 0xFE, 0xFE, 0xFE, 0xFE, 0xFE, 0xFE, 0xFE, 0x00, 0x00, 0x00, 0x00, 0x00, 0x00, 0xFE,
    0xFE, 0xFE, 0xFE, 0xFE, 0xFE, 0xFE, 0xFE, 0x3F, 0x80, 0x3F, 0x80, 0x3F, 0x80, 0x3F, 0x80, 0x3F,
    0x80, 0x3F, 0x80, 0x3F, 0x80, 0x3F, 0x80, 0x00, 0x00, 0x00, 0x00, 0x00, 0x00, 0x00, 0x00, 0x00,
    0x00, 0x00, 0x00, 0x3F, 0x80, 0x3F, 0x80, 0x3F, 0x80, 0x3F, 0x80, 0x3F, 0x80, 0x3F, 0x80, 0x3F,
    0x80, 0x3F, 0x00, 0x7E, 0x00, 0x7C, 0x00, 0x7C, 0x00, 0xF8, 0x00, 0xF0, 0x00, 0x00, 0x00, 0x00,
    0x80, 0x00, 0x00, 0x07, 0x80, 0x00, 0x00, 0x3F, 0x80, 0x00, 0x01, 0xFF, 0x80, 0x00, 0x07, 0xFF,
    0x80, 0x00, 0x3F, 0xFE, 0x00, 0x01, 0xFF, 0xF8, 0x00, 0x07, 0xFF, 0xC0, 0x00, 0x3F, 0xFE, 0x00,
    0x00, 0xFF, 0xF0, 0x00, 0x00, 0xFF, 0x80, 0x00, 0x00, 0xFC, 0x00, 0x00, 0x00, 0xFF, 0x80, 0x00,
    0x00, 0xFF, 0xF0, 0x00, 0x00, 0x3F, 0xFE, 0x00, 0x00, 0x07, 0xFF, 0xC0, 0x00, 0x01, 0xFF, 0xF8,
    0x00, 0x00, 0x3F, 0xFE, 0x00, 0x00, 0x07, 0xFF, 0x80, 0x00, 0x01, 0xFF, 0x80, 0x00, 0x00, 0x3F,
    0x80, 0x00, 0x00, 0x07, 0x80, 0x00, 0x00, 0x00, 0x80, 0xFF, 0xFF, 0xFF, 0x80, 0xFF, 0xFF, 0xFF,
    0x80, 0xFF, 0xFF, 0xFF, 0x80, 0xFF, 0xFF, 0xFF, 0x80, 0xFF, 0xFF, 0xFF, 0x80, 0x00, 0x00, 0x00,
    0x00, 0x00, 0x00, 0x00, 0x00, 0x00, 0x00, 0x00, 0x00, 0x00, 0x00, 0x00, 0x00, 0xFF, 0xFF, 0xFF,
    0x80, 0xFF, 0xFF, 0xFF, 0x80, 0xFF, 0xFF, 0xFF, 0x80, 0xFF, 0xFF, 0xFF, 0x80, 0xFF, 0xFF, 0xFF,
    0x80, 0x80, 0x00, 0x00, 0x00, 0xF0, 0x00, 0x00, 0x00, 0xFE, 0x00, 0x00, 0x00, 0xFF, 0xC0, 0x00,
    0x00, 0xFF, 0xF0, 0x00, 0x00, 0x3F, 0xFE, 0x00, 0x00, 0x0F, 0xFF, 0xC0, 0x00, 0x01, 0xFF, 0xF0,
    0x00, 0x00, 0x3F, 0xFE, 0x00, 0x00, 0x07, 0xFF, 0x80, 0x00, 0x00, 0xFF, 0x80, 0x00, 0x00, 0x1F,
    0x80, 0x00, 0x00, 0xFF, 0x80, 0x00, 0x07, 0xFF, 0x80, 0x00, 0x3F, 0xFE, 0x00, 0x01, 0xFF, 0xF0,
    0x00, 0x0F, 0xFF, 0xC0, 0x00, 0x3F, 0xFE, 0x00, 0x00, 0xFF, 0xF0, 0x00, 0x00, 0xFF, 0xC0, 0x00,
    0x00, 0xFE, 0x00, 0x00, 0x00, 0xF0, 0x00, 0x00, 0x00, 0x80, 0x00, 0x00, 0x00, 0x0F, 0xF8, 0x00,
    0x7F, 0xFE, 0x00, 0xFF, 0xFF, 0x00, 0xFF, 0xFF, 0x80, 0xFF, 0xFF, 0x80, 0xF8, 0x3F, 0xC0, 0xC0,
    0x1F, 0xC0, 0x80, 0x1F, 0xC0, 0x00, 0x1F, 0xC0, 0x00, 0x1F, 0xC0, 0x00, 0x3F, 0x80, 0x00, 0x7F,
    0x80, 0x00, 0xFF, 0x00, 0x01, 0xFE, 0x00, 0x07, 0xFC, 0x00, 0x07, 0xF8, 0x00, 0x0F, 0xF0, 0x00,
    0x0F, 0xE0, 0x00, 0x0F, 0xE0, 0x00, 0x00, 0x00, 0x00, 0x00, 0x00, 0x00, 0x00, 0x00, 0x00, 0x0F,
    0xE0, 0x00, 0x0F, 0xE0, 0x00, 0x0F, 0xE0, 0x00, 0x0F, 0xE0, 0x00, 0x0F, 0xE0, 0x00, 0x0F, 0xE0,
    0x00, 0x0F, 0xE0, 0x00, 0x00, 0x03, 0xFE, 0x00, 0x00, 0x00, 0x1F, 0xFF, 0xC0, 0x00, 0x00, 0x7F,
    0xFF, 0xF0, 0x00, 0x01, 0xFF, 0xFF, 0xF8, 0x00, 0x03, 0xFC, 0x03, 0xFC, 0x00, 0x07, 0xF0, 0x00,
    0x7E, 0x00, 0x0F, 0xC0, 0x00, 0x3F, 0x00, 0x1F, 0x00, 0x00, 0x0F, 0x80, 0x3E, 0x00, 0x00, 0x07,
    0x80, 0x3E, 0x03, 0xE3, 0xC7, 0xC0, 0x7C, 0x0F, 0xFB, 0xC3, 0xC0, 0x78, 0x1F, 0xFF, 0xC3, 0xE0,
    0x78, 0x3F, 0xFF, 0xC1, 0xE0, 0xF8, 0x3E, 0x0F, 0xC1, 0xE0, 0xF0, 0x7C, 0x07, 0xC1, 0xE0, 0xF0,
    0x78, 0x03, 0xC1, 0xE0, 0xF0, 0x78, 0x03, 0xC1, 0xE0, 0xF0, 0x78, 0x03, 0xC1, 0xE0, 0xF0, 0x78,
    0x03, 0xC3, 0xE0, 0xF0, 0x78, 0x03, 0xC3, 0xC0, 0xF0, 0x7C, 0x07, 0xC7, 0xC0, 0xF8, 0x3E, 0x0F,
    0xCF, 0x80, 0x78, 0x3F, 0xFF, 0xFF, 0x00, 0x78, 0x1F, 0xFF, 0xFF, 0x00, 0x7C, 0x0F, 0xFB, 0xFC,
    0x00, 0x3E, 0x03, 0xE3, 0xE0, 0x00, 0x3E, 0x00, 0x00, 0x00, 0x00, 0x1F, 0x00, 0x00, 0x00, 0x00,
    0x0F, 0xC0, 0x00, 0x20, 0x00, 0x07, 0xE0, 0x00, 0x70, 0x00, 0x03, 0xFC, 0x03, 0xF8, 0x00, 0x01,
    0xFF, 0xFF, 0xF0, 0x00, 0x00, 0xFF, 0xFF, 0xE0, 0x00, 0x00, 0x3F, 0xFF, 0x80, 0x00, 0x00, 0x07,
    0xFC, 0x00, 0x00, 0x00, 0x1F, 0xF0, 0x00, 0x00, 0x3F, 0xF8, 0x00, 0x00, 0x3F, 0xF8, 0x00, 0x00,
    0x3F, 0xF8, 0x00, 0x00, 0x7F, 0xFC, 0x00, 0x00, 0x7F, 0xFC, 0x00, 0x00, 0xFF, 0xFE, 0x00, 0x00,
    0xFE, 0xFE, 0x00, 0x00, 0xFE, 0xFE, 0x00, 0x01, 0xFE, 0x7F, 0x00, 0x01, 0xFC, 0x7F, 0x00, 0x01,
    0xFC, 0x7F, 0x00, 0x03, 0xF8, 0x3F, 0x80, 0x03, 0xF8, 0x3F, 0x80, 0x07, 0xF8, 0x3F, 0xC0, 0x07,
    0xF0, 0x1F, 0xC0, 0x07, 0xF0, 0x1F, 0xC0, 0x0F, 0xF0, 0x1F, 0xE0, 0x0F, 0xFF, 0xFF, 0xE0, 0x0F,
    0xFF, 0xFF, 0xE0, 0x1F, 0xFF, 0xFF, 0xF0, 0x1F, 0xFF, 0xFF, 0xF0, 0x3F, 0xFF, 0xFF, 0xF8, 0x3F,
    0x80, 0x03, 0xF8, 0x3F, 0x80, 0x03, 0xF8, 0x7F, 0x80, 0x03, 0xFC, 0x7F, 0x00, 0x01, 0xFC, 0x7F,
    0x00, 0x01, 0xFC, 0xFF, 0x00, 0x01, 0xFE, 0xFF, 0xFF, 0x80, 0xFF, 0xFF, 0xF0, 0xFF, 0xFF, 0xF8,
    0xFF, 0xFF, 0xFC, 0xFF, 0xFF, 0xFC, 0xFF, 0x03, 0xFE, 0xFF, 0x01, 0xFE, 0xFF, 0x01, 0xFE, 0xFF,
    0x01, 0xFE, 0xFF, 0x01, 0xFE, 0xFF, 0x01, 0xFE, 0xFF, 0x03, 0xFC, 0xFF, 0xFF, 0xF8, 0xFF, 0xFF,
    0xF0, 0xFF, 0xFF, 0xF0, 0xFF, 0xFF, 0xF8, 0xFF, 0xFF, 0xFC, 0xFF, 0x03, 0xFE, 0xFF, 0x01, 0xFF,
    0xFF, 0x00, 0xFF, 0xFF, 0x00, 0xFF, 0xFF, 0x00, 0xFF, 0xFF, 0x01, 0xFF, 0xFF, 0x03, 0xFF, 0xFF,
    0xFF, 0xFE, 0xFF, 0xFF, 0xFE, 0xFF, 0xFF, 0xFC, 0xFF, 0xFF, 0xF0, 0xFF, 0xFF, 0xC0, 0x00, 0x1F,
    0xF8, 0x00, 0x00, 0xFF, 0xFF, 0x00, 0x03, 0xFF, 0xFF, 0x80, 0x07, 0xFF, 0xFF, 0x80, 0x0F, 0xFF,
    0xFF, 0x80, 0x1F, 0xF8, 0x0F, 0x80, 0x3F, 0xF0, 0x01, 0x80, 0x3F, 0xC0, 0x00, 0x80, 0x7F, 0xC0,
    0x00, 0x00, 0x7F, 0x80, 0x00, 0x00, 0x7F, 0x80, 0x00, 0x00, 0xFF, 0x00, 0x00, 0x00, 0xFF, 0x00,
    0x00, 0x00, 0xFF, 0x00, 0x00, 0x00, 0xFF, 0x00, 0x00, 0x00, 0xFF, 0x00, 0x00, 0x00, 0xFF, 0x00,
    0x00, 0x00, 0xFF, 0x00, 0x00, 0x00, 0xFF, 0x00, 0x00, 0x00, 0xFF, 0x80, 0x00, 0x00, 0x7F, 0x80,
    0x00, 0x00, 0x7F, 0xC0, 0x00, 0x00, 0x3F, 0xC0, 0x00, 0x80, 0x3F, 0xF0, 0x01, 0x80, 0x1F, 0xFC,
    0x0F, 0x80, 0x0F, 0xFF, 0xFF, 0x80, 0x07, 0xFF, 0xFF, 0x80, 0x03, 0xFF, 0xFF, 0x80, 0x00, 0xFF,
    0xFF, 0x00, 0x00, 0x1F, 0xF8, 0x00, 0xFF, 0xFF, 0x00, 0x00, 0xFF, 0xFF, 0xE0, 0x00, 0xFF, 0xFF,
    0xF8, 0x00, 0xFF, 0xFF, 0xFC, 0x00, 0xFF, 0xFF, 0xFF, 0x00, 0xFF, 0x03, 0xFF, 0x00, 0xFF, 0x00,
    0xFF, 0x80, 0xFF, 0x00, 0x7F, 0xC0, 0xFF, 0x00, 0x3F, 0xC0, 0xFF, 0x00, 0x3F, 0xC0, 0xFF, 0x00,
    0x3F, 0xE0, 0xFF, 0x00, 0x1F, 0xE0, 0xFF, 0x00, 0x1F, 0xE0, 0xFF, 0x00, 0x1F, 0xE0, 0xFF, 0x00,
    0x1F, 0xE0, 0xFF, 0x00, 0x1F, 0xE0, 0xFF, 0x00, 0x1F, 0xE0, 0xFF, 0x00, 0x1F, 0xE0, 0xFF, 0x00,
    0x3F, 0xE0, 0xFF, 0x00, 0x3F, 0xC0, 0xFF, 0x00, 0x3F, 0xC0, 0xFF, 0x00, 0x7F, 0xC0, 0xFF, 0x00,
    0xFF, 0x80, 0xFF, 0x03, 0xFF, 0x00, 0xFF, 0xFF, 0xFF, 0x00, 0xFF, 0xFF, 0xFC, 0x00, 0xFF, 0xFF,
    0xF8, 0x00, 0xFF, 0xFF, 0xE0, 0x00, 0xFF, 0xFF, 0x00, 0x00, 0xFF, 0xFF, 0xF8, 0xFF, 0xFF, 0xF8,
    0xFF, 0xFF, 0xF8, 0xFF, 0xFF, 0xF8, 0xFF, 0xFF, 0xF8, 0xFF, 0x00, 0x00, 0xFF, 0x00, 0x00, 0xFF,
    0x00, 0x00, 0xFF, 0x00, 0x00, 0xFF, 0x00, 0x00, 0xFF, 0x00, 0x00, 0xFF, 0x00, 0x00, 0xFF, 0xFF,
    0xF0, 0xFF, 0xFF, 0xF0, 0xFF, 0xFF, 0xF0, 0xFF, 0xFF, 0xF0, 0xFF, 0xFF, 0xF0, 0xFF, 0x00, 0x00,
    0xFF, 0x00, 0x00, 0xFF, 0x00, 0x00, 0xFF, 0x00, 0x00, 0xFF, 0x00, 0x00, 0xFF, 0x00, 0x00, 0xFF,
    0x00, 0x00, 0xFF, 0xFF, 0xF8, 0xFF, 0xFF, 0xF8, 0xFF, 0xFF, 0xF8, 0xFF, 0xFF, 0xF8, 0xFF, 0xFF,
    0xF8, 0xFF, 0xFF, 0xF0, 0xFF, 0xFF, 0xF0, 0xFF, 0xFF, 0xF0, 0xFF, 0xFF, 0xF0, 0xFF, 0xFF, 0xF0,
    0xFF, 0x00, 0x00, 0xFF, 0x00, 0x00, 0xFF, 0x00, 0x00, 0xFF, 0x00, 0x00, 0xFF, 0x00, 0x00, 0xFF,
    0x00, 0x00, 0xFF, 0x00, 0x00, 0xFF, 0xFF, 0xE0, 0xFF, 0xFF, 0xE0, 0xFF, 0xFF, 0xE0, 0xFF, 0xFF,
    0xE0, 0xFF, 0xFF, 0xE0, 0xFF, 0x00, 0x00, 0xFF, 0x00, 0x00, 0xFF, 0x00, 0x00, 0xFF, 0x00, 0x00,
    0xFF, 0x00, 0x00, 0xFF, 0x00, 0x00, 0xFF, 0x00, 0x00, 0xFF, 0x00, 0x00, 0xFF, 0x00, 0x00, 0xFF,
    0x00, 0x00, 0xFF, 0x00, 0x00, 0xFF, 0x00, 0x00, 0x00, 0x1F, 0xFC, 0x00, 0x00, 0xFF, 0xFF, 0xC0,
    0x03, 0xFF, 0xFF, 0xE0, 0x07, 0xFF, 0xFF, 0xE0, 0x0F, 0xFF, 0xFF, 0xE0, 0x1F, 0xFC, 0x07, 0xE0,
    0x3F, 0xF0, 0x00, 0xE0, 0x3F, 0xE0, 0x00, 0x20, 0x7F, 0xC0, 0x00, 0x00, 0x7F, 0x80, 0x00, 0x00,
    0xFF, 0x80, 0x00, 0x00, 0xFF, 0x00, 0x00, 0x00, 0xFF, 0x00, 0x00, 0x00, 0xFF, 0x00, 0x00, 0x00,
    0xFF, 0x00, 0xFF, 0xF0, 0xFF, 0x00, 0xFF, 0xF0, 0xFF, 0x00, 0xFF, 0xF0, 0xFF, 0x00, 0xFF, 0xF0,
    0xFF, 0x00, 0xFF, 0xF0, 0xFF, 0x80, 0x07, 0xF0, 0x7F, 0x80, 0x07, 0xF0, 0x7F, 0xC0, 0x07, 0xF0,
    0x3F, 0xC0, 0x07, 0xF0, 0x3F, 0xF0, 0x07, 0xF0, 0x1F, 0xFC, 0x07, 0xF0, 0x0F, 0xFF, 0xFF, 0xF0,
    0x07, 0xFF, 0xFF, 0xF0, 0x03, 0xFF, 0xFF, 0xF0, 0x00, 0xFF, 0xFF, 0x80, 0x00, 0x1F, 0xF8, 0x00,
    0xFF, 0x00, 0x3F, 0xC0, 0xFF, 0x00, 0x3F, 0xC0, 0xFF, 0x00, 0x3F, 0xC0, 0xFF, 0x00, 0x3F, 0xC0,
    0xFF, 0x00, 0x3F, 0xC0, 0xFF, 0x00, 0x3F, 0xC0, 0xFF, 0x00, 0x3F, 0xC0, 0xFF, 0x00, 0x3F, 0xC0,
    0xFF, 0x00, 0x3F, 0xC0, 0xFF, 0x00, 0x3F, 0xC0, 0xFF, 0x00, 0x3F, 0xC0, 0xFF, 0x00, 0x3F, 0xC0,
    0xFF, 0xFF, 0xFF, 0xC0, 0xFF, 0xFF, 0xFF, 0xC0, 0xFF, 0xFF, 0xFF, 0xC0, 0xFF, 0xFF, 0xFF, 0xC0,
    0xFF, 0xFF, 0xFF, 0xC0, 0xFF, 0x00, 0x3F, 0xC0, 0xFF, 0x00, 0x3F, 0xC0, 0xFF, 0x00, 0x3F, 0xC0,
    0xFF, 0x00, 0x3F, 0xC0, 0xFF, 0x00, 0x3F, 0xC0, 0xFF, 0x00, 0x3F, 0xC0, 0xFF, 0x00, 0x3F, 0xC0,
    0xFF, 0x00, 0x3F, 0xC0, 0xFF, 0x00, 0x3F, 0xC0, 0xFF, 0x00, 0x3F, 0xC0, 0xFF, 0x00, 0x3F, 0xC0,
    0xFF, 0x00, 0x3F, 0xC0, 0xFF, 0xFF, 0xFF, 0xFF, 0xFF, 0xFF, 0xFF, 0xFF, 0xFF, 0xFF, 0xFF, 0xFF,
    0xFF, 0xFF, 0xFF, 0xFF, 0xFF, 0xFF, 0xFF, 0xFF, 0xFF, 0xFF, 0xFF, 0xFF, 0xFF, 0xFF, 0xFF, 0xFF,
    0xFF, 0x0F, 0xF0, 0x0F, 0xF0, 0x0F, 0xF0, 0x0F, 0xF0, 0x0F, 0xF0, 0x0F, 0xF0, 0x0F, 0xF0, 0x0F,
    0xF0, 0x0F, 0xF0, 0x0F, 0xF0, 0x0F, 0xF0, 0x0F, 0xF0, 0x0F, 0xF0, 0x0F, 0xF0, 0x0F, 0xF0, 0x0F,
    0xF0, 0x0F, 0xF0, 0x0F, 0xF0, 0x0F, 0xF0, 0x0F, 0xF0, 0x0F, 0xF0, 0x0F, 0xF0, 0x0F, 0xF0, 0x0F,
    0xF0, 0x0F, 0xF0, 0x0F, 0xF0, 0x0F, 0xF0, 0x0F, 0xF0, 0x0F, 0xF0, 0x0F, 0xF0, 0x1F, 0xE0, 0x3F,
    0xE0, 0xFF, 0xE0, 0xFF, 0xC0, 0xFF, 0x80, 0xFE, 0x00, 0xF0, 0x00, 0xFF, 0x00, 0x1F, 0xE0, 0xFF,
    0x00, 0x7F, 0xC0, 0xFF, 0x00, 0xFF, 0x80, 0xFF, 0x01, 0xFF, 0x00, 0xFF, 0x03, 0xFE, 0x00, 0xFF,
    0x07, 0xFC, 0x00, 0xFF, 0x0F, 0xF8, 0x00, 0xFF, 0x1F, 0xF0, 0x00, 0xFF, 0x3F, 0xE0, 0x00, 0xFF,
    0x7F, 0xC0, 0x00, 0xFF, 0xFF, 0x80, 0x00, 0xFF, 0xFF, 0x00, 0x00, 0xFF, 0xFE, 0x00, 0x00, 0xFF,
    0xFC, 0x00, 0x00, 0xFF, 0xFC, 0x00, 0x00, 0xFF, 0xFE, 0x00, 0x00, 0xFF, 0xFF, 0x00, 0x00, 0xFF,
    0xFF, 0x80, 0x00, 0xFF, 0x7F, 0xC0, 0x00, 0xFF, 0x3F, 0xE0, 0x00, 0xFF, 0x1F, 0xF0, 0x00, 0xFF,
    0x0F, 0xF8, 0x00, 0xFF, 0x07, 0xFC, 0x00, 0xFF, 0x03, 0xFE, 0x00, 0xFF, 0x01, 0xFF, 0x00, 0xFF,
    0x00, 0xFF, 0x80, 0xFF, 0x00, 0x7F, 0xE0, 0xFF, 0x00, 0x3F, 0xF0, 0xFF, 0x00, 0x1F, 0xF8, 0xFF,
    0x00, 0x00, 0xFF, 0x00, 0x00, 0xFF, 0x00, 0x00, 0xFF, 0x00, 0x00, 0xFF, 0x00, 0x00, 0xFF, 0x00,
    0x00, 0xFF, 0x00, 0x00, 0xFF, 0x00, 0x00, 0xFF, 0x00, 0x00, 0xFF, 0x00, 0x00, 0xFF, 0x00, 0x00,
    0xFF, 0x00, 0x00, 0xFF, 0x00, 0x00, 0xFF, 0x00, 0x00, 0xFF, 0x00, 0x00, 0xFF, 0x00, 0x00, 0xFF,
    0x00, 0x00, 0xFF, 0x00, 0x00, 0xFF, 0x00, 0x00, 0xFF, 0x00, 0x00, 0xFF, 0x00, 0x00, 0xFF, 0x00,
    0x00, 0xFF, 0x00, 0x00, 0xFF, 0x00, 0x00, 0xFF, 0xFF, 0xF8, 0xFF, 0xFF, 0xF8, 0xFF, 0xFF, 0xF8,
    0xFF, 0xFF, 0xF8, 0xFF, 0xFF, 0xF8, 0xFF, 0xC0, 0x03, 0xFF, 0xFF, 0xC0, 0x03, 0xFF, 0xFF, 0xE0,
    0x07, 0xFF, 0xFF, 0xE0, 0x07, 0xFF, 0xFF, 0xE0, 0x07, 0xFF, 0xFF, 0xF0, 0x0F, 0xFF, 0xFF, 0xF0,
    0x0F, 0xFF, 0xFF, 0xF8, 0x1F, 0xFF, 0xFF, 0xF8, 0x1F, 0xFF, 0xFE, 0xFC, 0x3F, 0x7F, 0xFE, 0xFC,
    0x3F, 0x7F, 0xFE, 0x7C, 0x3E, 0x7F, 0xFE, 0x7E, 0x7E, 0x7F, 0xFE, 0x3E, 0x7C, 0x7F, 0xFE, 0x3F,
    0xFC, 0x7F, 0xFE, 0x3F, 0xFC, 0x7F, 0xFE, 0x1F, 0xF8, 0x7F, 0xFE, 0x1F, 0xF8, 0x7F, 0xFE, 0x0F,
    0xF0, 0x7F, 0xFE, 0x0F, 0xF0, 0x7F, 0xFE, 0x07, 0xE0, 0x7F, 0xFE, 0x07, 0xE0, 0x7F, 0xFE, 0x07,
    0xE0, 0x7F, 0xFE, 0x00, 0x00, 0x7F, 0xFE, 0x00, 0x00, 0x7F, 0xFE, 0x00, 0x00, 0x7F, 0xFE, 0x00,
    0x00, 0x7F, 0xFE, 0x00, 0x00, 0x7F, 0xFE, 0x00, 0x00, 0x7F, 0xFF, 0x80, 0x1F, 0xC0, 0xFF, 0x80,
    0x1F, 0xC0, 0xFF, 0xC0, 0x1F, 0xC0, 0xFF, 0xC0, 0x1F, 0xC0, 0xFF, 0xE0, 0x1F, 0xC0, 0xFF, 0xE0,
    0x1F, 0xC0, 0xFF, 0xF0, 0x1F, 0xC0, 0xFF, 0xF0, 0x1F, 0xC0, 0xFF, 0xF8, 0x1F, 0xC0, 0xFF, 0xF8,
    0x1F, 0xC0, 0xFE, 0xFC, 0x1F, 0xC0, 0xFE, 0xFC, 0x1F, 0xC0, 0xFE, 0x7E, 0x1F, 0xC0, 0xFE, 0x7F,
    0x1F, 0xC0, 0xFE, 0x3F, 0x1F, 0xC0, 0xFE, 0x3F, 0x9F, 0xC0, 0xFE, 0x1F, 0x9F, 0xC0, 0xFE, 0x0F,
    0xDF, 0xC0, 0xFE, 0x0F, 0xDF, 0xC0, 0xFE, 0x07, 0xFF, 0xC0, 0xFE, 0x07, 0xFF, 0xC0, 0xFE, 0x03,
    0xFF, 0xC0, 0xFE, 0x03, 0xFF, 0xC0, 0xFE, 0x01, 0xFF, 0xC0, 0xFE, 0x01, 0xFF, 0xC0, 0xFE, 0x00,
    0xFF, 0xC0, 0xFE, 0x00, 0xFF, 0xC0, 0xFE, 0x00, 0x7F, 0xC0, 0xFE, 0x00, 0x7F, 0xC0, 0x00, 0x3F,
    0xF0, 0x00, 0x00, 0xFF, 0xFC, 0x00, 0x03, 0xFF, 0xFF, 0x00, 0x0F, 0xFF, 0xFF, 0x80, 0x0F, 0xFF,
    0xFF, 0xC0, 0x1F, 0xF0, 0x3F, 0xE0, 0x3F, 0xE0, 0x1F, 0xF0, 0x3F, 0xC0, 0x0F, 0xF0, 0x7F, 0x80,
    0x07, 0xF8, 0x7F, 0x80, 0x07, 0xF8, 0xFF, 0x80, 0x07, 0xFC, 0xFF, 0x00, 0x03, 0xFC, 0xFF, 0x00,
    0x03, 0xFC, 0xFF, 0x00, 0x03, 0xFC, 0xFF, 0x00, 0x03, 0xFC, 0xFF, 0x00, 0x03, 0xFC, 0xFF, 0x00,
    0x03, 0xFC, 0xFF, 0x00, 0x03, 0xFC, 0xFF, 0x00, 0x03, 0xFC, 0xFF, 0x80, 0x07, 0xFC, 0x7F, 0x80,
    0x07, 0xF8, 0x7F, 0x80, 0x07, 0xF8, 0x7F, 0xC0, 0x0F, 0xF8, 0x3F, 0xE0, 0x1F, 0xF0, 0x1F, 0xF0,
    0x3F, 0xE0, 0x1F, 0xFF, 0xFF, 0xC0, 0x0F, 0xFF, 0xFF, 0x80, 0x03, 0xFF, 0xFF, 0x00, 0x01, 0xFF,
    0xFC, 0x00, 0x00, 0x3F, 0xF0, 0x00, 0xFF, 0xFF, 0x80, 0xFF, 0xFF, 0xF0, 0xFF, 0xFF, 0xF8, 0xFF,
    0xFF, 0xFC, 0xFF, 0xFF, 0xFE, 0xFF, 0x03, 0xFE, 0xFF, 0x01, 0xFF, 0xFF, 0x00, 0xFF, 0xFF, 0x00,
    0xFF, 0xFF, 0x00, 0xFF, 0xFF, 0x00, 0xFF, 0xFF, 0x00, 0xFF, 0xFF, 0x01, 0xFF, 0xFF, 0x03, 0xFE,
    0xFF, 0xFF, 0xFE, 0xFF, 0xFF, 0xFC, 0xFF, 0xFF, 0xF8, 0xFF, 0xFF, 0xF0, 0xFF, 0xFF, 0x80, 0xFF,
    0x00, 0x00, 0xFF, 0x00, 0x00, 0xFF, 0x00, 0x00, 0xFF, 0x00, 0x00, 0xFF, 0x00, 0x00, 0xFF, 0x00,
    0x00, 0xFF, 0x00, 0x00, 0xFF, 0x00, 0x00, 0xFF, 0x00, 0x00, 0xFF, 0x00, 0x00, 0x00, 0x3F, 0xF0,
    0x00, 0x00, 0xFF, 0xFE, 0x00, 0x03, 0xFF, 0xFF, 0x00, 0x0F, 0xFF, 0xFF, 0xC0, 0x0F, 0xFF, 0xFF,
    0xE0, 0x1F, 0xF0, 0x3F, 0xE0, 0x3F, 0xE0, 0x1F, 0xF0, 0x3F, 0xC0, 0x0F, 0xF8, 0x7F, 0x80, 0x07,
    0xF8, 0x7F, 0x80, 0x07, 0xF8, 0xFF, 0x80, 0x07, 0xFC, 0xFF, 0x00, 0x03, 0xFC, 0xFF, 0x00, 0x03,
    0xFC, 0xFF, 0x00, 0x03, 0xFC, 0xFF, 0x00, 0x03, 0xFC, 0xFF, 0x00, 0x03, 0xFC, 0xFF, 0x00, 0x03,
    0xFC, 0xFF, 0x00, 0x03, 0xFC, 0xFF, 0x00, 0x03, 0xFC, 0xFF, 0x80, 0x07, 0xF8, 0x7F, 0x80, 0x07,
    0xF8, 0x7F, 0x80, 0x07, 0xF8, 0x7F, 0xC0, 0x0F, 0xF0, 0x3F, 0xE0, 0x1F, 0xF0, 0x1F, 0xF0, 0x3F,
    0xE0, 0x1F, 0xFF, 0xFF, 0xC0, 0x0F, 0xFF, 0xFF, 0x80, 0x03, 0xFF, 0xFF, 0x00, 0x01, 0xFF, 0xFC,
    0x00, 0x00, 0x3F, 0xFC, 0x00, 0x00, 0x00, 0xFE, 0x00, 0x00, 0x00, 0x7F, 0x00, 0x00, 0x00, 0x3F,
    0x80, 0x00, 0x00, 0x1F, 0xC0, 0x00, 0x00, 0x1F, 0xC0, 0x00, 0x00, 0x0F, 0xE0, 0xFF, 0xFF, 0x80,
    0x00, 0xFF, 0xFF, 0xF0, 0x00, 0xFF, 0xFF, 0xF8, 0x00, 0xFF, 0xFF, 0xFC, 0x00, 0xFF, 0xFF, 0xFC,
    0x00, 0xFF, 0x07, 0xFE, 0x00, 0xFF, 0x03, 0xFE, 0x00, 0xFF, 0x01, 0xFE, 0x00, 0xFF, 0x01, 0xFE,
    0x00, 0xFF, 0x01, 0xFE, 0x00, 0xFF, 0x01, 0xFE, 0x00, 0xFF, 0x03, 0xFC, 0x00, 0xFF, 0x07, 0xFC,
    0x00, 0xFF, 0xFF, 0xF8, 0x00, 0xFF, 0xFF, 0xF0, 0x00, 0xFF, 0xFF, 0x80, 0x00, 0xFF, 0xFF, 0xE0,
    0x00, 0xFF, 0xFF, 0xF0, 0x00, 0xFF, 0x0F, 0xF8, 0x00, 0xFF, 0x07, 0xFC, 0x00, 0xFF, 0x03, 0xFC,
    0x00, 0xFF, 0x01, 0xFE, 0x00, 0xFF, 0x01, 0xFF, 0x00, 0xFF, 0x00, 0xFF, 0x00, 0xFF, 0x00, 0xFF,
    0x80, 0xFF, 0x00, 0x7F, 0x80, 0xFF, 0x00, 0x7F, 0xC0, 0xFF, 0x00, 0x3F, 0xC0, 0xFF, 0x00, 0x3F,
    0xE0, 0x01, 0xFF, 0x80, 0x0F, 0xFF, 0xF8, 0x1F, 0xFF, 0xF8, 0x3F, 0xFF, 0xF8, 0x7F, 0xFF, 0xF8,
    0x7F, 0x80, 0xF8, 0xFE, 0x00, 0x08, 0xFE, 0x00, 0x00, 0xFE, 0x00, 0x00, 0xFE, 0x00, 0x00, 0xFF,
    0x80, 0x00, 0xFF, 0xF8, 0x00, 0x7F, 0xFF, 0x80, 0x7F, 0xFF, 0xE0, 0x3F, 0xFF, 0xF8, 0x1F, 0xFF,
    0xFC, 0x07, 0xFF, 0xFC, 0x00, 0x7F, 0xFE, 0x00, 0x07, 0xFE, 0x00, 0x01, 0xFE, 0x00, 0x00, 0xFE,
    0x00, 0x00, 0xFE, 0x80, 0x00, 0xFE, 0xE0, 0x01, 0xFE, 0xFE, 0x03, 0xFC, 0xFF, 0xFF, 0xFC, 0xFF,
    0xFF, 0xF8, 0xFF, 0xFF, 0xF0, 0x7F, 0xFF, 0xE0, 0x03, 0xFF, 0x00, 0xFF, 0xFF, 0xFF, 0xF0, 0xFF,
    0xFF, 0xFF, 0xF0, 0xFF, 0xFF, 0xFF, 0xF0, 0xFF, 0xFF, 0xFF, 0xF0, 0xFF, 0xFF, 0xFF, 0xF0, 0x00,
    0x3F, 0xC0, 0x00, 0x00, 0x3F, 0xC0, 0x00, 0x00, 0x3F, 0xC0, 0x00, 0x00, 0x3F, 0xC0, 0x00, 0x00,
    0x3F, 0xC0, 0x00, 0x00, 0x3F, 0xC0, 0x00, 0x00, 0x3F, 0xC0, 0x00, 0x00, 0x3F, 0xC0, 0x00, 0x00,
    0x3F, 0xC0, 0x00, 0x00, 0x3F, 0xC0, 0x00, 0x00, 0x3F, 0xC0, 0x00, 0x00, 0x3F, 0xC0, 0x00, 0x00,
    0x3F, 0xC0, 0x00, 0x00, 0x3F, 0xC0, 0x00, 0x00, 0x3F, 0xC0, 0x00, 0x00, 0x3F, 0xC0, 0x00, 0x00,
    0x3F, 0xC0, 0x00, 0x00, 0x3F, 0xC0, 0x00, 0x00, 0x3F, 0xC0, 0x00, 0x00, 0x3F, 0xC0, 0x00, 0x00,
    0x3F, 0xC0, 0x00, 0x00, 0x3F, 0xC0, 0x00, 0x00, 0x3F, 0xC0, 0x00, 0x00, 0x3F, 0xC0, 0x00, 0xFF,
    0x00, 0x7F, 0x80, 0xFF, 0x00, 0x7F, 0x80, 0xFF, 0x00, 0x7F, 0x80, 0xFF, 0x00, 0x7F, 0x80, 0xFF,
    0x00, 0x7F, 0x80, 0xFF, 0x00, 0x7F, 0x80, 0xFF, 0x00, 0x7F, 0x80, 0xFF, 0x00, 0x7F, 0x80, 0xFF,
    0x00, 0x7F, 0x80, 0xFF, 0x00, 0x7F, 0x80, 0xFF, 0x00, 0x7F, 0x80, 0xFF, 0x00, 0x7F, 0x80, 0xFF,
    0x00, 0x7F, 0x80, 0xFF, 0x00, 0x7F, 0x80, 0xFF, 0x00, 0x7F, 0x80, 0xFF, 0x00, 0x7F, 0x80, 0xFF,
    0x00, 0x7F, 0x80, 0xFF, 0x00, 0x7F, 0x80, 0xFF, 0x00, 0x7F, 0x80, 0xFF, 0x00, 0x7F, 0x80, 0xFF,
    0x00, 0x7F, 0x80, 0xFF, 0x80, 0xFF, 0x00, 0x7F, 0x80, 0xFF, 0x00, 0x7F, 0xC1, 0xFF, 0x00, 0x3F,
    0xFF, 0xFE, 0x00, 0x3F, 0xFF, 0xFC, 0x00, 0x1F, 0xFF, 0xFC, 0x00, 0x07, 0xFF, 0xF0, 0x00, 0x00,
    0xFF, 0x80, 0x00, 0xFF, 0x00, 0x01, 0xFE, 0x7F, 0x00, 0x01, 0xFC, 0x7F, 0x80, 0x03, 0xFC, 0x7F,
    0x80, 0x03, 0xFC, 0x3F, 0x80, 0x03, 0xF8, 0x3F, 0xC0, 0x07, 0xF8, 0x3F, 0xC0, 0x07, 0xF8, 0x1F,
    0xC0, 0x07, 0xF0, 0x1F, 0xE0, 0x0F, 0xF0, 0x0F, 0xE0, 0x0F, 0xE0, 0x0F, 0xF0, 0x1F, 0xE0, 0x0F,
    0xF0, 0x1F, 0xE0, 0x07, 0xF0, 0x1F, 0xC0, 0x07, 0xF8, 0x3F, 0xC0, 0x07, 0xF8, 0x3F, 0xC0, 0x03,
    0xF8, 0x3F, 0x80, 0x03, 0xFC, 0x7F, 0x80, 0x01, 0xFC, 0x7F, 0x00, 0x01, 0xFC, 0x7F, 0x00, 0x01,
    0xFE, 0xFF, 0x00, 0x00, 0xFE, 0xFE, 0x00, 0x00, 0xFF, 0xFE, 0x00, 0x00, 0xFF, 0xFE, 0x00, 0x00,
    0x7F, 0xFC, 0x00, 0x00, 0x7F, 0xFC, 0x00, 0x00, 0x3F, 0xF8, 0x00, 0x00, 0x3F, 0xF8, 0x00, 0x00,
    0x3F, 0xF8, 0x00, 0x00, 0x1F, 0xF0, 0x00, 0xFE, 0x00, 0x7F, 0x80, 0x1F, 0xC0, 0xFF, 0x00, 0x7F,
    0x80, 0x3F, 0xC0, 0x7F, 0x00, 0x7F, 0x80, 0x3F, 0x80, 0x7F, 0x00, 0x7F, 0xC0, 0x3F, 0x80, 0x7F,
    0x00, 0xFF, 0xC0, 0x3F, 0x80, 0x7F, 0x80, 0xFF, 0xC0, 0x7F, 0x80, 0x3F, 0x80, 0xFF, 0xC0, 0x7F,
    0x00, 0x3F, 0x80, 0xFF, 0xC0, 0x7F, 0x00, 0x3F, 0x81, 0xFF, 0xE0, 0x7F, 0x00, 0x3F, 0xC1, 0xF3,
    0xE0, 0xFF, 0x00, 0x1F, 0xC1, 0xF3, 0xE0, 0xFF, 0x00, 0x1F, 0xC1, 0xF3, 0xE0, 0xFE, 0x00, 0x1F,
    0xC3, 0xF3, 0xF0, 0xFE, 0x00, 0x1F, 0xE3, 0xE1, 0xF0, 0xFE, 0x00, 0x1F, 0xE3, 0xE1, 0xF1, 0xFE,
    0x00, 0x0F, 0xE3, 0xE1, 0xF1, 0xFC, 0x00, 0x0F, 0xE7, 0xE1, 0xF9, 0xFC, 0x00, 0x0F, 0xE7, 0xC0,
    0xF9, 0xFC, 0x00, 0x0F, 0xF7, 0xC0, 0xFB, 0xFC, 0x00, 0x07, 0xF7, 0xC0, 0xFB, 0xF8, 0x00, 0x07,
    0xFF, 0xC0, 0xFF, 0xF8, 0x00, 0x07, 0xFF, 0xC0, 0x7F, 0xF8, 0x00, 0x07, 0xFF, 0x80, 0x7F, 0xF8,
    0x00, 0x03, 0xFF, 0x80, 0x7F, 0xF0, 0x00, 0x03, 0xFF, 0x80, 0x7F, 0xF0, 0x00, 0x03, 0xFF, 0x80,
    0x7F, 0xF0, 0x00, 0x03, 0xFF, 0x00, 0x3F, 0xF0, 0x00, 0x01, 0xFF, 0x00, 0x3F, 0xE0, 0x00, 0x01,
    0xFF, 0x00, 0x3F, 0xE0, 0x00, 0xFF, 0x00, 0x07, 0xF8, 0x7F, 0x80, 0x0F, 0xF0, 0x3F, 0xC0, 0x1F,
    0xE0, 0x3F, 0xC0, 0x1F, 0xE0, 0x1F, 0xE0, 0x3F, 0xC0, 0x0F, 0xF0, 0x7F, 0x80, 0x07, 0xF8, 0xFF,
    0x00, 0x07, 0xF8, 0xFF, 0x00, 0x03, 0xFD, 0xFE, 0x00, 0x01, 0xFF, 0xFC, 0x00, 0x01, 0xFF, 0xFC,
    0x00, 0x00, 0xFF, 0xF8, 0x00, 0x00, 0x7F, 0xF0, 0x00, 0x00, 0x7F, 0xF0, 0x00, 0x00, 0x3F, 0xE0,
    0x00, 0x00, 0x7F, 0xF0, 0x00, 0x00, 0xFF, 0xF8, 0x00, 0x00, 0xFF, 0xF8, 0x00, 0x01, 0xFF, 0xFC,
    0x00, 0x03, 0xFD, 0xFE, 0x00, 0x03, 0xFD, 0xFE, 0x00, 0x07, 0xF8, 0xFF, 0x00, 0x0F, 0xF0, 0x7F,
    0x80, 0x0F, 0xF0, 0x7F, 0x80, 0x1F, 0xE0, 0x3F, 0xC0, 0x3F, 0xC0, 0x1F, 0xE0, 0x3F, 0xC0, 0x0F,
    0xE0, 0x7F, 0x80, 0x0F, 0xF0, 0xFF, 0x00, 0x07, 0xF8, 0xFF, 0x80, 0x07, 0xFC, 0x7F, 0x80, 0x07,
    0xF8, 0x3F, 0xC0, 0x0F, 0xF0, 0x3F, 0xE0, 0x1F, 0xF0, 0x1F, 0xE0, 0x1F, 0xE0, 0x0F, 0xF0, 0x3F,
    0xC0, 0x0F, 0xF8, 0x7F, 0xC0, 0x07, 0xF8, 0x7F, 0x80, 0x03, 0xFC, 0xFF, 0x00, 0x03, 0xFC, 0xFF,
    0x00, 0x01, 0xFF, 0xFE, 0x00, 0x00, 0xFF, 0xFC, 0x00, 0x00, 0xFF, 0xFC, 0x00, 0x00, 0x7F, 0xF8,
    0x00, 0x00, 0x7F, 0xF8, 0x00, 0x00, 0x3F, 0xF0, 0x00, 0x00, 0x1F, 0xE0, 0x00, 0x00, 0x1F, 0xE0,
    0x00, 0x00, 0x1F, 0xE0, 0x00, 0x00, 0x1F, 0xE0, 0x00, 0x00, 0x1F, 0xE0, 0x00, 0x00, 0x1F, 0xE0,
    0x00, 0x00, 0x1F, 0xE0, 0x00, 0x00, 0x1F, 0xE0, 0x00, 0x00, 0x1F, 0xE0, 0x00, 0x00, 0x1F, 0xE0,
    0x00, 0x00, 0x1F, 0xE0, 0x00, 0x00, 0x1F, 0xE0, 0x00, 0x00, 0x1F, 0xE0, 0x00, 0xFF, 0xFF, 0xFF,
    0x80, 0xFF, 0xFF, 0xFF, 0x80, 0xFF, 0xFF, 0xFF, 0x80, 0xFF, 0xFF, 0xFF, 0x80, 0xFF, 0xFF, 0xFF,
    0x80, 0x00, 0x01, 0xFF, 0x00, 0x00, 0x03, 0xFE, 0x00, 0x00, 0x07, 0xFE, 0x00, 0x00, 0x07, 0xFC,
    0x00, 0x00, 0x0F, 0xF8, 0x00, 0x00, 0x1F, 0xF0, 0x00, 0x00, 0x3F, 0xE0, 0x00, 0x00, 0x7F, 0xE0,
    0x00, 0x00, 0x7F, 0xC0, 0x00, 0x00, 0xFF, 0x80, 0x00, 0x01, 0xFF, 0x00, 0x00, 0x03, 0xFE, 0x00,
    0x00, 0x07, 0xFC, 0x00, 0x00, 0x07, 0xFC, 0x00, 0x00, 0x0F, 0xF8, 0x00, 0x00, 0x1F, 0xF0, 0x00,
    0x00, 0x3F, 0xE0, 0x00, 0x00, 0x7F, 0xC0, 0x00, 0x00, 0x7F, 0x80, 0x00, 0x00, 0xFF, 0xFF, 0xFF,
    0x80, 0xFF, 0xFF, 0xFF, 0x80, 0xFF, 0xFF, 0xFF, 0x80, 0xFF, 0xFF, 0xFF, 0x80, 0xFF, 0xFF, 0xFF,
    0x80, 0xFF, 0xF0, 0xFF, 0xF0, 0xFF, 0xF0, 0xFF, 0xF0, 0xFE, 0x00, 0xFE, 0x00, 0xFE, 0x00, 0xFE,
    0x00, 0xFE, 0x00, 0xFE, 0x00, 0xFE, 0x00, 0xFE, 0x00, 0xFE, 0x00, 0xFE, 0x00, 0xFE, 0x00, 0xFE,
    0x00, 0xFE, 0x00, 0xFE, 0x00, 0xFE, 0x00, 0xFE, 0x00, 0xFE, 0x00, 0xFE, 0x00, 0xFE, 0x00, 0xFE,
    0x00, 0xFE, 0x00, 0xFE, 0x00, 0xFE, 0x00, 0xFE, 0x00, 0xFE, 0x00, 0xFE, 0x00, 0xFE, 0x00, 0xFE,
    0x00, 0xFF, 0xF0, 0xFF, 0xF0, 0xFF, 0xF0, 0xFF, 0xF0, 0xF8, 0x00, 0xF8, 0x00, 0x78, 0x00, 0x7C,
    0x00, 0x7C, 0x00, 0x3C, 0x00, 0x3E, 0x00, 0x3E, 0x00, 0x1E, 0x00, 0x1E, 0x00, 0x1F, 0x00, 0x0F,
    0x00, 0x0F, 0x00, 0x0F, 0x80, 0x07, 0x80, 0x07, 0x80, 0x07, 0xC0, 0x03, 0xC0, 0x03, 0xC0, 0x03,
    0xE0, 0x01, 0xE0, 0x01, 0xE0, 0x01, 0xF0, 0x00, 0xF0, 0x00, 0xF0, 0x00, 0xF8, 0x00, 0xF8, 0x00,
    0x78, 0x00, 0x7C, 0x00, 0x7C, 0x00, 0x3C, 0x00, 0x3E, 0x00, 0x3E, 0xFF, 0xF0, 0xFF, 0xF0, 0xFF,
    0xF0, 0xFF, 0xF0, 0x07, 0xF0, 0x07, 0xF0, 0x07, 0xF0, 0x07, 0xF0, 0x07, 0xF0, 0x07, 0xF0, 0x07,
    0xF0, 0x07, 0xF0, 0x07, 0xF0, 0x07, 0xF0, 0x07, 0xF0, 0x07, 0xF0, 0x07, 0xF0, 0x07, 0xF0, 0x07,
    0xF0, 0x07, 0xF0, 0x07, 0xF0, 0x07, 0xF0, 0x07, 0xF0, 0x07, 0xF0, 0x07, 0xF0, 0x07, 0xF0, 0x07,
    0xF0, 0x07, 0xF0, 0x07, 0xF0, 0x07, 0xF0, 0x07, 0xF0, 0x07, 0xF0, 0xFF, 0xF0, 0xFF, 0xF0, 0xFF,
    0xF0, 0xFF, 0xF0, 0x00, 0x3E, 0x00, 0x00, 0x00, 0x7F, 0x00, 0x00, 0x00, 0xFF, 0x80, 0x00, 0x01,
    0xFF, 0xC0, 0x00, 0x03, 0xFF, 0xE0, 0x00, 0x07, 0xF7, 0xF0, 0x00, 0x0F, 0xE3, 0xF8, 0x00, 0x1F,
    0x80, 0xFC, 0x00, 0x3F, 0x00, 0x7E, 0x00, 0x7E, 0x00, 0x3F, 0x00, 0xF8, 0x00, 0x0F, 0x80, 0xFF,
    0xFF, 0xF0, 0xFF, 0xFF, 0xF0, 0xFF, 0xFF, 0xF0, 0xFF, 0xFF, 0xF0, 0xFC, 0x00, 0x3E, 0x00, 0x1E,
    0x00, 0x0F, 0x00, 0x07, 0x80, 0x03, 0xC0, 0x01, 0xE0, 0x03, 0xFF, 0x00, 0x1F, 0xFF, 0xC0, 0x3F,
    0xFF, 0xF0, 0x3F, 0xFF, 0xF8, 0x3F, 0xFF, 0xF8, 0x3C, 0x07, 0xF8, 0x20, 0x01, 0xFC, 0x00, 0x01,
    0xFC, 0x03, 0xFF, 0xFC, 0x1F, 0xFF, 0xFC, 0x3F, 0xFF, 0xFC, 0x7F, 0xFF, 0xFC, 0x7F, 0x81, 0xFC,
    0xFE, 0x01, 0xFC, 0xFE, 0x01, 0xFC, 0xFE, 0x03, 0xFC, 0xFE, 0x03, 0xFC, 0xFF, 0x0F, 0xFC, 0xFF,
    0xFF, 0xFC, 0x7F, 0xFF, 0xFC, 0x3F, 0xFD, 0xFC, 0x1F, 0xF9, 0xFC, 0x07, 0xE1, 0xFC, 0xFE, 0x00,
    0x00, 0xFE, 0x00, 0x00, 0xFE, 0x00, 0x00, 0xFE, 0x00, 0x00, 0xFE, 0x00, 0x00, 0xFE, 0x00, 0x00,
    0xFE, 0x00, 0x00, 0xFE, 0x1F, 0x80, 0xFE, 0x7F, 0xE0, 0xFE, 0xFF, 0xF0, 0xFF, 0xFF, 0xF8, 0xFF,
    0xFF, 0xF8, 0xFF, 0x83, 0xFC, 0xFF, 0x01, 0xFC, 0xFF, 0x01, 0xFE, 0xFE, 0x00, 0xFE, 0xFE, 0x00,
    0xFE, 0xFE, 0x00, 0xFE, 0xFE, 0x00, 0xFE, 0xFE, 0x00, 0xFE, 0xFE, 0x00, 0xFE, 0xFE, 0x00, 0xFE,
    0xFF, 0x01, 0xFE, 0xFF, 0x01, 0xFC, 0xFF, 0x83, 0xFC, 0xFF, 0xFF, 0xF8, 0xFF, 0xFF, 0xF8, 0xFF,
    0xFF, 0xF0, 0xFE, 0x7F, 0xE0, 0xFE, 0x1F, 0x80, 0x00, 0xFF, 0x80, 0x07, 0xFF, 0xE0, 0x0F, 0xFF,
    0xE0, 0x1F, 0xFF, 0xE0, 0x3F, 0xFF, 0xE0, 0x7F, 0xC0, 0xE0, 0x7F, 0x80, 0x20, 0x7F, 0x00, 0x00,
    0xFE, 0x00, 0x00, 0xFE, 0x00, 0x00, 0xFE, 0x00, 0x00, 0xFE, 0x00, 0x00, 0xFE, 0x00, 0x00, 0xFE,
    0x00, 0x00, 0xFF, 0x00, 0x00, 0x7F, 0x00, 0x00, 0x7F, 0x80, 0x20, 0x7F, 0xC0, 0xE0, 0x3F, 0xFF,
    0xE0, 0x1F, 0xFF, 0xE0, 0x0F, 0xFF, 0xE0, 0x07, 0xFF, 0xE0, 0x00, 0xFF, 0x80, 0x00, 0x00, 0xFE,
    0x00, 0x00, 0xFE, 0x00, 0x00, 0xFE, 0x00, 0x00, 0xFE, 0x00, 0x00, 0xFE, 0x00, 0x00, 0xFE, 0x00,
    0x00, 0xFE, 0x03, 0xF0, 0xFE, 0x0F, 0xFC, 0xFE, 0x1F, 0xFE, 0xFE, 0x3F, 0xFF, 0xFE, 0x3F, 0xFF,
    0xFE, 0x7F, 0x83, 0xFE, 0x7F, 0x01, 0xFE, 0xFF, 0x01, 0xFE, 0xFE, 0x00, 0xFE, 0xFE, 0x00, 0xFE,
    0xFE, 0x00, 0xFE, 0xFE, 0x00, 0xFE, 0xFE, 0x00, 0xFE, 0xFE, 0x00, 0xFE, 0xFE, 0x00, 0xFE, 0xFF,
    0x01, 0xFE, 0x7F, 0x01, 0xFE, 0x7F, 0x83, 0xFE, 0x3F, 0xFF, 0xFE, 0x3F, 0xFF, 0xFE, 0x1F, 0xFE,
    0xFE, 0x0F, 0xFC, 0xFE, 0x03, 0xF0, 0xFE, 0x00, 0xFF, 0x00, 0x07, 0xFF, 0xC0, 0x0F, 0xFF, 0xE0,
    0x1F, 0xFF, 0xF0, 0x3F, 0xFF, 0xF8, 0x7F, 0x83, 0xFC, 0x7F, 0x01, 0xFC, 0x7F, 0x00, 0xFE, 0xFE,
    0x00, 0xFE, 0xFF, 0xFF, 0xFE, 0xFF, 0xFF, 0xFE, 0xFF, 0xFF, 0xFE, 0xFF, 0xFF, 0xFE, 0xFE, 0x00,
    0x00, 0xFE, 0x00, 0x00, 0xFF, 0x00, 0x04, 0x7F, 0x00, 0x1C, 0x7F, 0xC0, 0x7C, 0x3F, 0xFF, 0xFC,
    0x1F, 0xFF, 0xFC, 0x0F, 0xFF, 0xF8, 0x07, 0xFF, 0xE0, 0x00, 0xFF, 0x00, 0x01, 0xFF, 0x80, 0x07,
    0xFF, 0x80, 0x0F, 0xFF, 0x80, 0x0F, 0xFF, 0x80, 0x1F, 0xFF, 0x80, 0x1F, 0xE0, 0x00, 0x1F, 0xC0,
    0x00, 0x1F, 0xC0, 0x00, 0xFF, 0xFF, 0x00, 0xFF, 0xFF, 0x00, 0xFF, 0xFF, 0x00, 0xFF, 0xFF, 0x00,
    0xFF, 0xFF, 0x00, 0x1F, 0xC0, 0x00, 0x1F, 0xC0, 0x00, 0x1F, 0xC0, 0x00, 0x1F, 0xC0, 0x00, 0x1F,
    0xC0, 0x00, 0x1F, 0xC0, 0x00, 0x1F, 0xC0, 0x00, 0x1F, 0xC0, 0x00, 0x1F, 0xC0, 0x00, 0x1F, 0xC0,
    0x00, 0x1F, 0xC0, 0x00, 0x1F, 0xC0, 0x00, 0x1F, 0xC0, 0x00, 0x1F, 0xC0, 0x00, 0x1F, 0xC0, 0x00,
    0x1F, 0xC0, 0x00, 0x1F, 0xC0, 0x00, 0x03, 0xF0, 0x00, 0x0F, 0xFC, 0xFE, 0x1F, 0xFE, 0xFE, 0x3F,
    0xFF, 0xFE, 0x3F, 0xFF, 0xFE, 0x7F, 0x87, 0xFE, 0x7F, 0x01, 0xFE, 0xFF, 0x01, 0xFE, 0xFE, 0x00,
    0xFE, 0xFE, 0x00, 0xFE, 0xFE, 0x00, 0xFE, 0xFE, 0x00, 0xFE, 0xFE, 0x00, 0xFE, 0xFE, 0x00, 0xFE,
    0xFE, 0x00, 0xFE, 0xFF, 0x01, 0xFE, 0x7F, 0x01, 0xFE, 0x7F, 0x87, 0xFE, 0x3F, 0xFF, 0xFE, 0x3F,
    0xFF, 0xFE, 0x1F, 0xFE, 0xFE, 0x0F, 0xFC, 0xFE, 0x03, 0xF0, 0xFE, 0x00, 0x00, 0xFE, 0x00, 0x01,
    0xFE, 0x10, 0x03, 0xFC, 0x1C, 0x07, 0xFC, 0x1F, 0xFF, 0xF8, 0x1F, 0xFF, 0xF0, 0x1F, 0xFF, 0xE0,
    0x0F, 0xFF, 0xC0, 0x01, 0xFE, 0x00, 0xFE, 0x00, 0x00, 0xFE, 0x00, 0x00, 0xFE, 0x00, 0x00, 0xFE,
    0x00, 0x00, 0xFE, 0x00, 0x00, 0xFE, 0x00, 0x00, 0xFE, 0x00, 0x00, 0xFE, 0x1F, 0x80, 0xFE, 0x3F,
    0xE0, 0xFE, 0xFF, 0xF0, 0xFF, 0xFF, 0xF8, 0xFF, 0xFF, 0xF8, 0xFF, 0xC7, 0xFC, 0xFF, 0x83, 0xFC,
    0xFF, 0x01, 0xFC, 0xFE, 0x01, 0xFC, 0xFE, 0x01, 0xFC, 0xFE, 0x01, 0xFC, 0xFE, 0x01, 0xFC, 0xFE,
    0x01, 0xFC, 0xFE, 0x01, 0xFC, 0xFE, 0x01, 0xFC, 0xFE, 0x01, 0xFC, 0xFE, 0x01, 0xFC, 0xFE, 0x01,
    0xFC, 0xFE, 0x01, 0xFC, 0xFE, 0x01, 0xFC, 0xFE, 0x01, 0xFC, 0xFE, 0x01, 0xFC, 0xFE, 0x01, 0xFC,
    0xFE, 0xFE, 0xFE, 0xFE, 0xFE, 0x00, 0x00, 0x00, 0xFE, 0xFE, 0xFE, 0xFE, 0xFE, 0xFE, 0xFE, 0xFE,
    0xFE, 0xFE, 0xFE, 0xFE, 0xFE, 0xFE, 0xFE, 0xFE, 0xFE, 0xFE, 0xFE, 0xFE, 0xFE, 0xFE, 0x1F, 0xC0,
    0x1F, 0xC0, 0x1F, 0xC0, 0x1F, 0xC0, 0x1F, 0xC0, 0x00, 0x00, 0x00, 0x00, 0x00, 0x00, 0x1F, 0xC0,
    0x1F, 0xC0, 0x1F, 0xC0, 0x1F, 0xC0, 0x1F, 0xC0, 0x1F, 0xC0, 0x1F, 0xC0, 0x1F, 0xC0, 0x1F, 0xC0,
    0x1F, 0xC0, 0x1F, 0xC0, 0x1F, 0xC0, 0x1F, 0xC0, 0x1F, 0xC0, 0x1F, 0xC0, 0x1F, 0xC0, 0x1F, 0xC0,
    0x1F, 0xC0, 0x1F, 0xC0, 0x1F, 0xC0, 0x1F, 0xC0, 0x1F, 0xC0, 0x1F, 0xC0, 0x1F, 0xC0, 0x1F, 0xC0,
    0x3F, 0x80, 0xFF, 0x80, 0xFF, 0x80, 0xFF, 0x00, 0xFE, 0x00, 0xF8, 0x00, 0xFE, 0x00, 0x00, 0xFE,
    0x00, 0x00, 0xFE, 0x00, 0x00, 0xFE, 0x00, 0x00, 0xFE, 0x00, 0x00, 0xFE, 0x00, 0x00, 0xFE, 0x00,
    0x00, 0xFE, 0x00, 0x00, 0xFE, 0x03, 0xFC, 0xFE, 0x07, 0xF8, 0xFE, 0x0F, 0xF0, 0xFE, 0x0F, 0xE0,
    0xFE, 0x1F, 0xC0, 0xFE, 0x3F, 0x80, 0xFE, 0x7F, 0x00, 0xFE, 0xFE, 0x00, 0xFF, 0xFC, 0x00, 0xFF,
    0xF8, 0x00, 0xFF, 0xF8, 0x00, 0xFF, 0xFC, 0x00, 0xFF, 0xFE, 0x00, 0xFE, 0xFF, 0x00, 0xFE, 0x7F,
    0x80, 0xFE, 0x7F, 0xC0, 0xFE, 0x3F, 0xE0, 0xFE, 0x1F, 0xF0, 0xFE, 0x0F, 0xF8, 0xFE, 0x07, 0xFC,
    0xFE, 0x03, 0xFE, 0xFE, 0x01, 0xFF, 0xFE, 0xFE, 0xFE, 0xFE, 0xFE, 0xFE, 0xFE, 0xFE, 0xFE, 0xFE,
    0xFE, 0xFE, 0xFE, 0xFE, 0xFE, 0xFE, 0xFE, 0xFE, 0xFE, 0xFE, 0xFE, 0xFE, 0xFE, 0xFE, 0xFE, 0xFE,
    0xFE, 0xFE, 0xFE, 0xFE, 0x00, 0x1F, 0x00, 0x7C, 0x00, 0xFE, 0x7F, 0xC1, 0xFF, 0x00, 0xFE, 0xFF,
    0xE3, 0xFF, 0x80, 0xFF, 0xFF, 0xF7, 0xFF, 0xC0, 0xFF, 0xFF, 0xFF, 0xFF, 0xC0, 0xFF, 0x87, 0xFE,
    0x1F, 0xE0, 0xFF, 0x03, 0xFC, 0x0F, 0xE0, 0xFF, 0x03, 0xFC, 0x0F, 0xE0, 0xFE, 0x03, 0xF8, 0x0F,
    0xE0, 0xFE, 0x03, 0xF8, 0x0F, 0xE0, 0xFE, 0x03, 0xF8, 0x0F, 0xE0, 0xFE, 0x03, 0xF8, 0x0F, 0xE0,
    0xFE, 0x03, 0xF8, 0x0F, 0xE0, 0xFE, 0x03, 0xF8, 0x0F, 0xE0, 0xFE, 0x03, 0xF8, 0x0F, 0xE0, 0xFE,
    0x03, 0xF8, 0x0F, 0xE0, 0xFE, 0x03, 0xF8, 0x0F, 0xE0, 0xFE, 0x03, 0xF8, 0x0F, 0xE0, 0xFE, 0x03,
    0xF8, 0x0F, 0xE0, 0xFE, 0x03, 0xF8, 0x0F, 0xE0, 0xFE, 0x03, 0xF8, 0x0F, 0xE0, 0xFE, 0x03, 0xF8,
    0x0F, 0xE0, 0xFE, 0x03, 0xF8, 0x0F, 0xE0, 0x00, 0x1F, 0x80, 0xFE, 0x3F, 0xE0, 0xFE, 0xFF, 0xF0,
    0xFF, 0xFF, 0xF8, 0xFF, 0xFF, 0xF8, 0xFF, 0xC7, 0xFC, 0xFF, 0x83, 0xFC, 0xFF, 0x01, 0xFC, 0xFE,
    0x01, 0xFC, 0xFE, 0x01, 0xFC, 0xFE, 0x01, 0xFC, 0xFE, 0x01, 0xFC, 0xFE, 0x01, 0xFC, 0xFE, 0x01,
    0xFC, 0xFE, 0x01, 0xFC, 0xFE, 0x01, 0xFC, 0xFE, 0x01, 0xFC, 0xFE, 0x01, 0xFC, 0xFE, 0x01, 0xFC,
    0xFE, 0x01, 0xFC, 0xFE, 0x01, 0xFC, 0xFE, 0x01, 0xFC, 0xFE, 0x01, 0xFC, 0x00, 0xFF, 0x00, 0x07,
    0xFF, 0xE0, 0x0F, 0xFF, 0xF0, 0x1F, 0xFF, 0xF8, 0x3F, 0xFF, 0xFC, 0x7F, 0xC3, 0xFE, 0x7F, 0x00,
    0xFE, 0x7F, 0x00, 0xFE, 0xFE, 0x00, 0x7F, 0xFE, 0x00, 0x7F, 0xFE, 0x00, 0x7F, 0xFE, 0x00, 0x7F,
    0xFE, 0x00, 0x7F, 0xFE, 0x00, 0x7F, 0xFE, 0x00, 0x7F, 0xFF, 0x00, 0xFE, 0x7F, 0x00, 0xFE, 0x7F,
    0xC3, 0xFE, 0x3F, 0xFF, 0xFC, 0x1F, 0xFF, 0xF8, 0x0F, 0xFF, 0xF0, 0x07, 0xFF, 0xE0, 0x00, 0xFF,
    0x00, 0x00, 0x1F, 0x80, 0xFE, 0x7F, 0xE0, 0xFE, 0xFF, 0xF0, 0xFF, 0xFF, 0xF8, 0xFF, 0xFF, 0xF8,
    0xFF, 0x83, 0xFC, 0xFF, 0x01, 0xFC, 0xFF, 0x01, 0xFE, 0xFE, 0x00, 0xFE, 0xFE, 0x00, 0xFE, 0xFE,
    0x00, 0xFE, 0xFE, 0x00, 0xFE, 0xFE, 0x00, 0xFE, 0xFE, 0x00, 0xFE, 0xFE, 0x00, 0xFE, 0xFF, 0x01,
    0xFE, 0xFF, 0x01, 0xFC, 0xFF, 0x83, 0xFC, 0xFF, 0xFF, 0xF8, 0xFF, 0xFF, 0xF8, 0xFE, 0xFF, 0xF0,
    0xFE, 0x7F, 0xE0, 0xFE, 0x1F, 0x80, 0xFE, 0x00, 0x00, 0xFE, 0x00, 0x00, 0xFE, 0x00, 0x00, 0xFE,
    0x00, 0x00, 0xFE, 0x00, 0x00, 0xFE, 0x00, 0x00, 0xFE, 0x00, 0x00, 0xFE, 0x00, 0x00, 0x03, 0xF0,
    0x00, 0x0F, 0xFC, 0xFE, 0x1F, 0xFE, 0xFE, 0x3F, 0xFF, 0xFE, 0x3F, 0xFF, 0xFE, 0x7F, 0x83, 0xFE,
    0x7F, 0x01, 0xFE, 0xFF, 0x01, 0xFE, 0xFE, 0x00, 0xFE, 0xFE, 0x00, 0xFE, 0xFE, 0x00, 0xFE, 0xFE,
    0x00, 0xFE, 0xFE, 0x00, 0xFE, 0xFE, 0x00, 0xFE, 0xFE, 0x00, 0xFE, 0xFF, 0x01, 0xFE, 0x7F, 0x01,
    0xFE, 0x7F, 0x83, 0xFE, 0x3F, 0xFF, 0xFE, 0x3F, 0xFF, 0xFE, 0x1F, 0xFE, 0xFE, 0x0F, 0xFC, 0xFE,
    0x03, 0xF0, 0xFE, 0x00, 0x00, 0xFE, 0x00, 0x00, 0xFE, 0x00, 0x00, 0xFE, 0x00, 0x00, 0xFE, 0x00,
    0x00, 0xFE, 0x00, 0x00, 0xFE, 0x00, 0x00, 0xFE, 0x00, 0x00, 0xFE, 0x00, 0x1F, 0xFE, 0x7F, 0xFE,
    0xFF, 0xFF, 0xFF, 0xFF, 0xFF, 0xFF, 0xC1, 0xFF, 0x80, 0xFF, 0x00, 0xFF, 0x00, 0xFE, 0x00, 0xFE,
    0x00, 0xFE, 0x00, 0xFE, 0x00, 0xFE, 0x00, 0xFE, 0x00, 0xFE, 0x00, 0xFE, 0x00, 0xFE, 0x00, 0xFE,
    0x00, 0xFE, 0x00, 0xFE, 0x00, 0xFE, 0x00, 0xFE, 0x00, 0x07, 0xFC, 0x00, 0x1F, 0xFF, 0xC0, 0x7F,
    0xFF, 0xE0, 0x7F, 0xFF, 0xE0, 0xFF, 0xFF, 0xE0, 0xFE, 0x03, 0xE0, 0xFC, 0x00, 0x20, 0xFC, 0x00,
    0x00, 0xFE, 0x00, 0x00, 0xFF, 0xFC, 0x00, 0x7F, 0xFF, 0x80, 0x3F, 0xFF, 0xC0, 0x1F, 0xFF, 0xE0,
    0x01, 0xFF, 0xF0, 0x00, 0x07, 0xF0, 0x00, 0x03, 0xF0, 0x80, 0x03, 0xF0, 0xF8, 0x07, 0xF0, 0xFF,
    0xFF, 0xF0, 0xFF, 0xFF, 0xE0, 0xFF, 0xFF, 0xC0, 0x7F, 0xFF, 0x80, 0x07, 0xFE, 0x00, 0x1F, 0xC0,
    0x00, 0x1F, 0xC0, 0x00, 0x1F, 0xC0, 0x00, 0x1F, 0xC0, 0x00, 0x1F, 0xC0, 0x00, 0x1F, 0xC0, 0x00,
    0xFF, 0xFF, 0x80, 0xFF, 0xFF, 0x80, 0xFF, 0xFF, 0x80, 0xFF, 0xFF, 0x80, 0xFF, 0xFF, 0x80, 0x1F,
    0xC0, 0x00, 0x1F, 0xC0, 0x00, 0x1F, 0xC0, 0x00, 0x1F, 0xC0, 0x00, 0x1F, 0xC0, 0x00, 0x1F, 0xC0,
    0x00, 0x1F, 0xC0, 0x00, 0x1F, 0xC0, 0x00, 0x1F, 0xC0, 0x00, 0x1F, 0xC0, 0x00, 0x1F, 0xC0, 0x00,
    0x1F, 0xE0, 0x00, 0x1F, 0xFF, 0x80, 0x0F, 0xFF, 0x80, 0x0F, 0xFF, 0x80, 0x07, 0xFF, 0x80, 0x01,
    0xFF, 0x80, 0xFE, 0x01, 0xFC, 0xFE, 0x01, 0xFC, 0xFE, 0x01, 0xFC, 0xFE, 0x01, 0xFC, 0xFE, 0x01,
    0xFC, 0xFE, 0x01, 0xFC, 0xFE, 0x01, 0xFC, 0xFE, 0x01, 0xFC, 0xFE, 0x01, 0xFC, 0xFE, 0x01, 0xFC,
    0xFE, 0x01, 0xFC, 0xFE, 0x01, 0xFC, 0xFE, 0x01, 0xFC, 0xFE, 0x01, 0xFC, 0xFE, 0x03, 0xFC, 0xFF,
    0x03, 0xFC, 0xFF, 0x0F, 0xFC, 0x7F, 0xFF, 0xFC, 0x7F, 0xFF, 0xFC, 0x3F, 0xFD, 0xFC, 0x1F, 0xF1,
    0xFC, 0x07, 0xE1, 0xFC, 0xFE, 0x00, 0x3F, 0x80, 0x7F, 0x00, 0x7F, 0x00, 0x7F, 0x00, 0x7F, 0x00,
    0x7F, 0x00, 0x7F, 0x00, 0x3F, 0x80, 0xFE, 0x00, 0x3F, 0x80, 0xFE, 0x00, 0x1F, 0x80, 0xFC, 0x00,
    0x1F, 0xC1, 0xFC, 0x00, 0x1F, 0xC1, 0xFC, 0x00, 0x0F, 0xC1, 0xF8, 0x00, 0x0F, 0xE3, 0xF8, 0x00,
    0x07, 0xE3, 0xF0, 0x00, 0x07, 0xF7, 0xF0, 0x00, 0x07, 0xF7, 0xF0, 0x00, 0x03, 0xF7, 0xE0, 0x00,
    0x03, 0xFF, 0xE0, 0x00, 0x03, 0xFF, 0xE0, 0x00, 0x01, 0xFF, 0xC0, 0x00, 0x01, 0xFF, 0xC0, 0x00,
    0x00, 0xFF, 0x80, 0x00, 0x00, 0xFF, 0x80, 0x00, 0x00, 0xFF, 0x80, 0x00, 0xFE, 0x03, 0xF0, 0x1F,
    0xC0, 0xFE, 0x03, 0xF0, 0x1F, 0xC0, 0x7E, 0x07, 0xF8, 0x1F, 0x80, 0x7F, 0x07, 0xF8, 0x3F, 0x80,
    0x7F, 0x07, 0xF8, 0x3F, 0x80, 0x7F, 0x07, 0xF8, 0x3F, 0x80, 0x3F, 0x07, 0xF8, 0x3F, 0x00, 0x3F,
    0x8F, 0xFC, 0x7F, 0x00, 0x3F, 0x8F, 0xFC, 0x7F, 0x00, 0x3F, 0x8F, 0x3C, 0x7F, 0x00, 0x1F, 0x8F,
    0x3C, 0x7E, 0x00, 0x1F, 0xDF, 0x3E, 0xFE, 0x00, 0x1F, 0xDF, 0x3E, 0xFE, 0x00, 0x0F, 0xDE, 0x1E,
    0xFC, 0x00, 0x0F, 0xDE, 0x1E, 0xFC, 0x00, 0x0F, 0xFE, 0x1F, 0xFC, 0x00, 0x0F, 0xFE, 0x1F, 0xFC,
    0x00, 0x07, 0xFC, 0x0F, 0xF8, 0x00, 0x07, 0xFC, 0x0F, 0xF8, 0x00, 0x07, 0xFC, 0x0F, 0xF8, 0x00,
    0x07, 0xFC, 0x0F, 0xF8, 0x00, 0x03, 0xF8, 0x07, 0xF0, 0x00, 0xFF, 0x00, 0x7F, 0x80, 0x7F, 0x80,
    0xFF, 0x00, 0x3F, 0xC1, 0xFE, 0x00, 0x1F, 0xC1, 0xFC, 0x00, 0x1F, 0xE3, 0xFC, 0x00, 0x0F, 0xF7,
    0xF8, 0x00, 0x07, 0xFF, 0xF0, 0x00, 0x03, 0xFF, 0xE0, 0x00, 0x01, 0xFF, 0xC0, 0x00, 0x01, 0xFF,
    0xC0, 0x00, 0x00, 0xFF, 0x80, 0x00, 0x00, 0xFF, 0x80, 0x00, 0x01, 0xFF, 0xC0, 0x00, 0x03, 0xFF,
    0xE0, 0x00, 0x03, 0xFF, 0xF0, 0x00, 0x07, 0xF7, 0xF0, 0x00, 0x0F, 0xE3, 0xF8, 0x00, 0x1F, 0xE3,
    0xFC, 0x00, 0x1F, 0xC1, 0xFC, 0x00, 0x3F, 0x80, 0xFE, 0x00, 0x7F, 0x80, 0xFF, 0x00, 0xFF, 0x00,
    0x7F, 0x80, 0xFE, 0x00, 0x3F, 0x80, 0x7F, 0x00, 0x7F, 0x00, 0x7F, 0x00, 0x7F, 0x00, 0x7F, 0x00,
    0x7F, 0x00, 0x3F, 0x80, 0xFE, 0x00, 0x3F, 0x80, 0xFE, 0x00, 0x1F, 0xC0, 0xFE, 0x00, 0x1F, 0xC1,
    0xFC, 0x00, 0x0F, 0xC1, 0xFC, 0x00, 0x0F, 0xE1, 0xF8, 0x00, 0x0F, 0xE3, 0xF8, 0x00, 0x07, 0xF3,
    0xF8, 0x00, 0x07, 0xF3, 0xF0, 0x00, 0x03, 0xF7, 0xF0, 0x00, 0x03, 0xFF, 0xE0, 0x00, 0x01, 0xFF,
    0xE0, 0x00, 0x01, 0xFF, 0xE0, 0x00, 0x00, 0xFF, 0xC0, 0x00, 0x00, 0xFF, 0xC0, 0x00, 0x00, 0xFF,
    0xC0, 0x00, 0x00, 0x7F, 0x80, 0x00, 0x00, 0x7F, 0x80, 0x00, 0x00, 0x3F, 0x00, 0x00, 0x00, 0x3F,
    0x00, 0x00, 0x00, 0x7F, 0x00, 0x00, 0x00, 0xFE, 0x00, 0x00, 0x0F, 0xFE, 0x00, 0x00, 0x0F, 0xFC,
    0x00, 0x00, 0x0F, 0xF8, 0x00, 0x00, 0x0F, 0xF0, 0x00, 0x00, 0x0F, 0xE0, 0x00, 0x00, 0xFF, 0xFF,
    0xF0, 0xFF, 0xFF, 0xF0, 0xFF, 0xFF, 0xF0, 0xFF, 0xFF, 0xF0, 0xFF, 0xFF, 0xF0, 0x00, 0x1F, 0xE0,
    0x00, 0x3F, 0xC0, 0x00, 0x7F, 0x80, 0x00, 0xFF, 0x00, 0x01, 0xFE, 0x00, 0x03, 0xFC, 0x00, 0x07,
    0xF8, 0x00, 0x0F, 0xF0, 0x00, 0x1F, 0xE0, 0x00, 0x3F, 0xC0, 0x00, 0x7F, 0x80, 0x00, 0x7F, 0x00,
    0x00, 0xFF, 0xFF, 0xF0, 0xFF, 0xFF, 0xF0, 0xFF, 0xFF, 0xF0, 0xFF, 0xFF, 0xF0, 0xFF, 0xFF, 0xF0,
    0x00, 0x3F, 0xE0, 0x00, 0xFF, 0xE0, 0x01, 0xFF, 0xE0, 0x01, 0xFF, 0xE0, 0x03, 0xFC, 0x00, 0x03,
    0xF8, 0x00, 0x03, 0xF8, 0x00, 0x03, 0xF8, 0x00, 0x03, 0xF8, 0x00, 0x03, 0xF8, 0x00, 0x03, 0xF8,
    0x00, 0x03, 0xF8, 0x00, 0x03, 0xF8, 0x00, 0x03, 0xF8, 0x00, 0x07, 0xF8, 0x00, 0x0F, 0xF0, 0x00,
    0xFF, 0xF0, 0x00, 0xFF, 0xC0, 0x00, 0xFF, 0xE0, 0x00, 0xFF, 0xF0, 0x00, 0x0F, 0xF0, 0x00, 0x07,
    0xF8, 0x00, 0x03, 0xF8, 0x00, 0x03, 0xF8, 0x00, 0x03, 0xF8, 0x00, 0x03, 0xF8, 0x00, 0x03, 0xF8,
    0x00, 0x03, 0xF8, 0x00, 0x03, 0xF8, 0x00, 0x03, 0xF8, 0x00, 0x03, 0xF8, 0x00, 0x03, 0xFC, 0x00,
    0x03, 0xFC, 0x00, 0x01, 0xFF, 0xE0, 0x01, 0xFF, 0xE0, 0x00, 0xFF, 0xE0, 0x00, 0x3F, 0xE0, 0xF8,
    0xF8, 0xF8, 0xF8, 0xF8, 0xF8, 0xF8, 0xF8, 0xF8, 0xF8, 0xF8, 0xF8, 0xF8, 0xF8, 0xF8, 0xF8, 0xF8,
    0xF8, 0xF8, 0xF8, 0xF8, 0xF8, 0xF8, 0xF8, 0xF8, 0xF8, 0xF8, 0xF8, 0xF8, 0xF8, 0xF8, 0xF8, 0xF8,
    0xF8, 0xF8, 0xF8, 0xF8, 0xF8, 0xF8, 0xF8, 0xFF, 0x80, 0x00, 0xFF, 0xE0, 0x00, 0xFF, 0xF0, 0x00,
    0xFF, 0xF0, 0x00, 0x07, 0xF8, 0x00, 0x03, 0xF8, 0x00, 0x03, 0xF8, 0x00, 0x03, 0xF8, 0x00, 0x03,
    0xF8, 0x00, 0x03, 0xF8, 0x00, 0x03, 0xF8, 0x00, 0x03, 0xF8, 0x00, 0x03, 0xF8, 0x00, 0x03, 0xF8,
    0x00, 0x03, 0xFC, 0x00, 0x01, 0xFE, 0x00, 0x01, 0xFF, 0xE0, 0x00, 0x7F, 0xE0, 0x00, 0xFF, 0xE0,
    0x01, 0xFF, 0xE0, 0x01, 0xFE, 0x00, 0x03, 0xFC, 0x00, 0x03, 0xF8, 0x00, 0x03, 0xF8, 0x00, 0x03,
    0xF8, 0x00, 0x03, 0xF8, 0x00, 0x03, 0xF8, 0x00, 0x03, 0xF8, 0x00, 0x03, 0xF8, 0x00, 0x03, 0xF8,
    0x00, 0x03, 0xF8, 0x00, 0x07, 0xF8, 0x00, 0x0F, 0xF8, 0x00, 0xFF, 0xF0, 0x00, 0xFF, 0xF0, 0x00,
    0xFF, 0xE0, 0x00, 0xFF, 0x80, 0x00, 0x0F, 0xC0, 0x00, 0x80, 0x3F, 0xF8, 0x03, 0x80, 0x7F, 0xFE,
    0x07, 0x80, 0xFF, 0xFF, 0xFF, 0x80, 0xFF, 0xFF, 0xFF, 0x80, 0xF0, 0x3F, 0xFF, 0x00, 0xC0, 0x0F,
    0xFE, 0x00, 0x80, 0x01, 0xF8, 0x00, 0x00, 0x40, 0x10, 0x00, 0xC0, 0x30, 0x01, 0xC0, 0x70, 0x07,
    0xC1, 0xF0, 0x0F, 0xC3, 0xF0, 0x3F, 0x8F, 0xE0, 0x7F, 0x1F, 0x80, 0xFC, 0x3F, 0x00, 0xF8, 0x3E,
    0x00, 0xF8, 0x3E, 0x00, 0xFC, 0x3F, 0x00, 0x7F, 0x1F, 0x80, 0x3F, 0x8F, 0xE0, 0x0F, 0xC3, 0xF0,
    0x07, 0xC1, 0xF0, 0x03, 0xC0, 0xF0, 0x00, 0xC0, 0x30, 0x00, 0x40, 0x10, 0x0F, 0x80, 0x3F, 0xE0,
    0x7F, 0xF0, 0x78, 0xF0, 0xF0, 0x78, 0xE0, 0x38, 0xE0, 0x38, 0xE0, 0x38, 0xF0, 0x78, 0x78, 0xF0,
    0x7F, 0xF0, 0x3F, 0xE0, 0x0F, 0x80, 0xFE, 0xFE, 0xFE, 0xFE, 0xFE, 0xFE, 0xFE, 0xFE, 0x80, 0x20,
    0x00, 0xC0, 0x30, 0x00, 0xE0, 0x38, 0x00, 0xF8, 0x3E, 0x00, 0xFC, 0x3F, 0x00, 0x7F, 0x1F, 0xC0,
    0x1F, 0x8F, 0xE0, 0x0F, 0xC3, 0xF0, 0x07, 0xC1, 0xF0, 0x07, 0xC1, 0xF0, 0x0F, 0xC3, 0xF0, 0x1F,
    0x8F, 0xE0, 0x7F, 0x1F, 0xC0, 0xFC, 0x3F, 0x00, 0xF8, 0x3E, 0x00, 0xF0, 0x3C, 0x00, 0xC0, 0x30,
    0x00, 0x80, 0x20, 0x00, 0x10, 0x00, 0x08, 0x38, 0x00, 0x1C, 0x7C, 0x00, 0x3E, 0xFE, 0x00, 0x7F,
    0x7F, 0x00, 0xFE, 0x3F, 0x81, 0xFC, 0x1F, 0xC3, 0xF8, 0x0F, 0xE7, 0xF0, 0x07, 0xFF, 0xE0, 0x01,
    0xFF, 0x80, 0x00, 0xFF, 0x00, 0x00, 0x7E, 0x00, 0x00, 0xFF, 0x00, 0x01, 0xFF, 0x80, 0x03, 0xFF,
    0xC0, 0x0F, 0xE7, 0xF0, 0x1F, 0xC3, 0xF8, 0x3F, 0x81, 0xFC, 0x7F, 0x00, 0xFE, 0xFE, 0x00, 0x7F,
    0x7C, 0x00, 0x3E, 0x38, 0x00, 0x1C, 0x10, 0x00, 0x08, 0x1F, 0x1F, 0x00, 0x1F, 0x1F, 0x00, 0x1F,
    0x1F, 0x00, 0x1F, 0x1F, 0x00, 0x1F, 0x1F, 0x00, 0x00, 0x00, 0x00, 0x00, 0x00, 0x00, 0x00, 0x00,
    0x00, 0xFF, 0xFF, 0xF8, 0xFF, 0xFF, 0xF8, 0xFF, 0xFF, 0xF8, 0xFF, 0xFF, 0xF8, 0xFF, 0xFF, 0xF8,
    0xFF, 0x00, 0x00, 0xFF, 0x00, 0x00, 0xFF, 0x00, 0x00, 0xFF, 0x00, 0x00, 0xFF, 0x00, 0x00, 0xFF,
    0x00, 0x00, 0xFF, 0x00, 0x00, 0xFF, 0xFF, 0xF0, 0xFF, 0xFF, 0xF0, 0xFF, 0xFF, 0xF0, 0xFF, 0xFF,
    0xF0, 0xFF, 0xFF, 0xF0, 0xFF, 0x00, 0x00, 0xFF, 0x00, 0x00, 0xFF, 0x00, 0x00, 0xFF, 0x00, 0x00,
    0xFF, 0x00, 0x00, 0xFF, 0x00, 0x00, 0xFF, 0x00, 0x00, 0xFF, 0xFF, 0xF8, 0xFF, 0xFF, 0xF8, 0xFF,
    0xFF, 0xF8, 0xFF, 0xFF, 0xF8, 0xFF, 0xFF, 0xF8, 0x00, 0x1F, 0xF0, 0x00, 0x00, 0x3F, 0xF8, 0x00,
    0x00, 0x3F, 0xF8, 0x00, 0x00, 0x3F, 0xF8, 0x00, 0x00, 0x7F, 0xFC, 0x00, 0x00, 0x7F, 0xFC, 0x00,
    0x00, 0xFF, 0xFE, 0x00, 0x00, 0xFE, 0xFE, 0x00, 0x00, 0xFE, 0xFE, 0x00, 0x01, 0xFE, 0x7F, 0x00,
    0x01, 0xFC, 0x7F, 0x00, 0x01, 0xFC, 0x7F, 0x00, 0x03, 0xF8, 0x3F, 0x80, 0x03, 0xF8, 0x3F, 0x80,
    0x07, 0xF8, 0x3F, 0xC0, 0x07, 0xF0, 0x1F, 0xC0, 0x07, 0xF0, 0x1F, 0xC0, 0x0F, 0xF0, 0x1F, 0xE0,
    0x0F, 0xFF, 0xFF, 0xE0, 0x0F, 0xFF, 0xFF, 0xE0, 0x1F, 0xFF, 0xFF, 0xF0, 0x1F, 0xFF, 0xFF, 0xF0,
    0x3F, 0xFF, 0xFF, 0xF8, 0x3F, 0x80, 0x03, 0xF8, 0x3F, 0x80, 0x03, 0xF8, 0x7F, 0x80, 0x03, 0xFC,
    0x7F, 0x00, 0x01, 0xFC, 0x7F, 0x00, 0x01, 0xFC, 0xFF, 0x00, 0x01, 0xFE, 0xFF, 0xFF, 0xFC, 0xFF,
    0xFF, 0xFC, 0xFF, 0xFF, 0xFC, 0xFF, 0xFF, 0xFC, 0xFF, 0xFF, 0xFC, 0xFF, 0x00, 0x00, 0xFF, 0x00,
    0x00, 0xFF, 0x00, 0x00, 0xFF, 0x00, 0x00, 0xFF, 0x00, 0x00, 0xFF, 0x00, 0x00, 0xFF, 0x00, 0x00,
    0xFF, 0xFF, 0x80, 0xFF, 0xFF, 0xF0, 0xFF, 0xFF, 0xFC, 0xFF, 0xFF, 0xFE, 0xFF, 0xFF, 0xFE, 0xFF,
    0x03, 0xFF, 0xFF, 0x01, 0xFF, 0xFF, 0x00, 0xFF, 0xFF, 0x00, 0xFF, 0xFF, 0x00, 0xFF, 0xFF, 0x01,
    0xFF, 0xFF, 0x03, 0xFF, 0xFF, 0xFF, 0xFE, 0xFF, 0xFF, 0xFE, 0xFF, 0xFF, 0xFC, 0xFF, 0xFF, 0xF0,
    0xFF, 0xFF, 0x80, 0xFF, 0xFF, 0x80, 0xFF, 0xFF, 0xF0, 0xFF, 0xFF, 0xF8, 0xFF, 0xFF, 0xFC, 0xFF,
    0xFF, 0xFC, 0xFF, 0x03, 0xFE, 0xFF, 0x01, 0xFE, 0xFF, 0x01, 0xFE, 0xFF, 0x01, 0xFE, 0xFF, 0x01,
    0xFE, 0xFF, 0x01, 0xFE, 0xFF, 0x03, 0xFC, 0xFF, 0xFF, 0xF8, 0xFF, 0xFF, 0xF0, 0xFF, 0xFF, 0xF0,
    0xFF, 0xFF, 0xF8, 0xFF, 0xFF, 0xFC, 0xFF, 0x03, 0xFE, 0xFF, 0x01, 0xFF, 0xFF, 0x00, 0xFF, 0xFF,
    0x00, 0xFF, 0xFF, 0x00, 0xFF, 0xFF, 0x01, 0xFF, 0xFF, 0x03, 0xFF, 0xFF, 0xFF, 0xFE, 0xFF, 0xFF,
    0xFE, 0xFF, 0xFF, 0xFC, 0xFF, 0xFF, 0xF0, 0xFF, 0xFF, 0xC0, 0xFF, 0xFF, 0xF8, 0xFF, 0xFF, 0xF8,
    0xFF, 0xFF, 0xF8, 0xFF, 0xFF, 0xF8, 0xFF, 0xFF, 0xF8, 0xFF, 0x00, 0x00, 0xFF, 0x00, 0x00, 0xFF,
    0x00, 0x00, 0xFF, 0x00, 0x00, 0xFF, 0x00, 0x00, 0xFF, 0x00, 0x00, 0xFF, 0x00, 0x00, 0xFF, 0x00,
    0x00, 0xFF, 0x00, 0x00, 0xFF, 0x00, 0x00, 0xFF, 0x00, 0x00, 0xFF, 0x00, 0x00, 0xFF, 0x00, 0x00,
    0xFF, 0x00, 0x00, 0xFF, 0x00, 0x00, 0xFF, 0x00, 0x00, 0xFF, 0x00, 0x00, 0xFF, 0x00, 0x00, 0xFF,
    0x00, 0x00, 0xFF, 0x00, 0x00, 0xFF, 0x00, 0x00, 0xFF, 0x00, 0x00, 0xFF, 0x00, 0x00, 0xFF, 0x00,
    0x00, 0x07, 0xFF, 0xFF, 0xE0, 0x07, 0xFF, 0xFF, 0xE0, 0x07, 0xFF, 0xFF, 0xE0, 0x07, 0xFF, 0xFF,
    0xE0, 0x07, 0xFF, 0xFF, 0xE0, 0x07, 0xF8, 0x1F, 0xE0, 0x07, 0xF8, 0x1F, 0xE0, 0x07, 0xF8, 0x1F,
    0xE0, 0x07, 0xF8, 0x1F, 0xE0, 0x07, 0xF8, 0x1F, 0xE0, 0x07, 0xF8, 0x1F, 0xE0, 0x07, 0xF8, 0x1F,
    0xE0, 0x07, 0xF8, 0x1F, 0xE0, 0x07, 0xF8, 0x1F, 0xE0, 0x07, 0xF8, 0x1F, 0xE0, 0x07, 0xF8, 0x1F,
    0xE0, 0x07, 0xF8, 0x1F, 0xE0, 0x07, 0xF8, 0x1F, 0xE0, 0x07, 0xF0, 0x1F, 0xE0, 0x07, 0xF0, 0x1F,
    0xE0, 0x0F, 0xF0, 0x1F, 0xE0, 0x0F, 0xF0, 0x1F, 0xE0, 0x0F, 0xF0, 0x1F, 0xE0, 0x1F, 0xE0, 0x1F,
    0xE0, 0xFF, 0xFF, 0xFF, 0xFE, 0xFF, 0xFF, 0xFF, 0xFE, 0xFF, 0xFF, 0xFF, 0xFE, 0xFF, 0xFF, 0xFF,
    0xFE, 0xFF, 0xFF, 0xFF, 0xFE, 0xFC, 0x00, 0x00, 0x7E, 0xFC, 0x00, 0x00, 0x7E, 0xFC, 0x00, 0x00,
    0x7E, 0xFC, 0x00, 0x00, 0x7E, 0xFC, 0x00, 0x00, 0x7E, 0xFC, 0x00, 0x00, 0x7E, 0xFF, 0xFF, 0xF8,
    0xFF, 0xFF, 0xF8, 0xFF, 0xFF, 0xF8, 0xFF, 0xFF, 0xF8, 0xFF, 0xFF, 0xF8, 0xFF, 0x00, 0x00, 0xFF,
    0x00, 0x00, 0xFF, 0x00, 0x00, 0xFF, 0x00, 0x00, 0xFF, 0x00, 0x00, 0xFF, 0x00, 0x00, 0xFF, 0x00,
    0x00, 0xFF, 0xFF, 0xF0, 0xFF, 0xFF, 0xF0, 0xFF, 0xFF, 0xF0, 0xFF, 0xFF, 0xF0, 0xFF, 0xFF, 0xF0,
    0xFF, 0x00, 0x00, 0xFF, 0x00, 0x00, 0xFF, 0x00, 0x00, 0xFF, 0x00, 0x00, 0xFF, 0x00, 0x00, 0xFF,
    0x00, 0x00, 0xFF, 0x00, 0x00, 0xFF, 0xFF, 0xF8, 0xFF, 0xFF, 0xF8, 0xFF, 0xFF, 0xF8, 0xFF, 0xFF,
    0xF8, 0xFF, 0xFF, 0xF8, 0x7F, 0x80, 0x0F, 0xF0, 0x01, 0xFE, 0x3F, 0xC0, 0x0F, 0xF0, 0x03, 0xFC,
    0x1F, 0xE0, 0x0F, 0xF0, 0x07, 0xF8, 0x0F, 0xF0, 0x0F, 0xF0, 0x0F, 0xF0, 0x07, 0xF8, 0x0F, 0xF0,
    0x1F, 0xE0, 0x03, 0xFC, 0x0F, 0xF0, 0x3F, 0xC0, 0x01, 0xFE, 0x0F, 0xF0, 0x7F, 0x80, 0x00, 0xFF,
    0x0F, 0xF0, 0xFF, 0x00, 0x00, 0x7F, 0x8F, 0xF1, 0xFE, 0x00, 0x00, 0x3F, 0xCF, 0xF3, 0xFC, 0x00,
    0x00, 0x1F, 0xEF, 0xF7, 0xF8, 0x00, 0x00, 0x0F, 0xFF, 0xFF, 0xF0, 0x00, 0x00, 0x1F, 0xFF, 0xFF,
    0xF8, 0x00, 0x00, 0x3F, 0xFF, 0xFF, 0xFC, 0x00, 0x00, 0x3F, 0xFF, 0xFF, 0xFC, 0x00, 0x00, 0x7F,
    0xFF, 0xFF, 0xFE, 0x00, 0x00, 0xFF, 0xFF, 0xFF, 0xFF, 0x00, 0x00, 0xFF, 0x7F, 0xFE, 0xFF, 0x00,
    0x01, 0xFE, 0x3F, 0xFC, 0x7F, 0x80, 0x03, 0xFE, 0x1F, 0xF8, 0x7F, 0xC0, 0x03, 0xFC, 0x0F, 0xF0,
    0x3F, 0xC0, 0x07, 0xF8, 0x0F, 0xF0, 0x1F, 0xE0, 0x0F, 0xF8, 0x0F, 0xF0, 0x1F, 0xF0, 0x0F, 0xF0,
    0x0F, 0xF0, 0x0F, 0xF0, 0x1F, 0xE0, 0x0F, 0xF0, 0x07, 0xF8, 0x3F, 0xE0, 0x0F, 0xF0, 0x07, 0xFC,
    0x3F, 0xC0, 0x0F, 0xF0, 0x03, 0xFC, 0x7F, 0x80, 0x0F, 0xF0, 0x01, 0xFE, 0xFF, 0x80, 0x0F, 0xF0,
    0x01, 0xFF, 0x0F, 0xFE, 0x00, 0x7F, 0xFF, 0xC0, 0x7F, 0xFF, 0xF0, 0x7F, 0xFF, 0xF8, 0x7F, 0xFF,
    0xF8, 0x78, 0x0F, 0xFC, 0x40, 0x07, 0xFC, 0x00, 0x03, 0xFC, 0x00, 0x03, 0xFC, 0x00, 0x03, 0xFC,
    0x00, 0x07, 0xF8, 0x00, 0x0F, 0xF8, 0x07, 0xFF, 0xE0, 0x07, 0xFF, 0x80, 0x07, 0xFF, 0xE0, 0x07,
    0xFF, 0xF0, 0x07, 0xFF, 0xF8, 0x00, 0x0F, 0xFC, 0x00, 0x03, 0xFE, 0x00, 0x01, 0xFE, 0x00, 0x01,
    0xFE, 0x00, 0x01, 0xFE, 0x00, 0x01, 0xFE, 0x80, 0x03, 0xFE, 0xF0, 0x0F, 0xFC, 0xFF, 0xFF, 0xFC,
    0xFF, 0xFF, 0xF8, 0xFF, 0xFF, 0xF0, 0xFF, 0xFF, 0xC0, 0x3F, 0xFE, 0x00, 0xFE, 0x00, 0x7F, 0xC0,
    0xFE, 0x00, 0x7F, 0xC0, 0xFE, 0x00, 0xFF, 0xC0, 0xFE, 0x00, 0xFF, 0xC0, 0xFE, 0x01, 0xFF, 0xC0,
    0xFE, 0x01, 0xFF, 0xC0, 0xFE, 0x03, 0xFF, 0xC0, 0xFE, 0x03, 0xFF, 0xC0, 0xFE, 0x07, 0xFF, 0xC0,
    0xFE, 0x07, 0xFF, 0xC0, 0xFE, 0x0F, 0xDF, 0xC0, 0xFE, 0x0F, 0xDF, 0xC0, 0xFE, 0x1F, 0x9F, 0xC0,
    0xFE, 0x3F, 0x9F, 0xC0, 0xFE, 0x3F, 0x1F, 0xC0, 0xFE, 0x7F, 0x1F, 0xC0, 0xFE, 0x7E, 0x1F, 0xC0,
    0xFE, 0xFC, 0x1F, 0xC0, 0xFE, 0xFC, 0x1F, 0xC0, 0xFF, 0xF8, 0x1F, 0xC0, 0xFF, 0xF8, 0x1F, 0xC0,
    0xFF, 0xF0, 0x1F, 0xC0, 0xFF, 0xF0, 0x1F, 0xC0, 0xFF, 0xE0, 0x1F, 0xC0, 0xFF, 0xE0, 0x1F, 0xC0,
    0xFF, 0xC0, 0x1F, 0xC0, 0xFF, 0xC0, 0x1F, 0xC0, 0xFF, 0x80, 0x1F, 0xC0, 0xFF, 0x80, 0x1F, 0xC0,
    0x07, 0x01, 0xC0, 0x00, 0x07, 0x83, 0xC0, 0x00, 0x03, 0xFF, 0x80, 0x00, 0x01, 0xFF, 0x00, 0x00,
    0x00, 0xFE, 0x00, 0x00, 0x00, 0x00, 0x00, 0x00, 0x00, 0x00, 0x00, 0x00, 0x00, 0x00, 0x00, 0x00,
    0xFE, 0x00, 0x7F, 0xC0, 0xFE, 0x00, 0x7F, 0xC0, 0xFE, 0x00, 0xFF, 0xC0, 0xFE, 0x00, 0xFF, 0xC0,
    0xFE, 0x01, 0xFF, 0xC0, 0xFE, 0x01, 0xFF, 0xC0, 0xFE, 0x03, 0xFF, 0xC0, 0xFE, 0x03, 0xFF, 0xC0,
    0xFE, 0x07, 0xFF, 0xC0, 0xFE, 0x07, 0xFF, 0xC0, 0xFE, 0x0F, 0xDF, 0xC0, 0xFE, 0x0F, 0xDF, 0xC0,
    0xFE, 0x1F, 0x9F, 0xC0, 0xFE, 0x3F, 0x9F, 0xC0, 0xFE, 0x3F, 0x1F, 0xC0, 0xFE, 0x7F, 0x1F, 0xC0,
    0xFE, 0x7E, 0x1F, 0xC0, 0xFE, 0xFC, 0x1F, 0xC0, 0xFE, 0xFC, 0x1F, 0xC0, 0xFF, 0xF8, 0x1F, 0xC0,
    0xFF, 0xF8, 0x1F, 0xC0, 0xFF, 0xF0, 0x1F, 0xC0, 0xFF, 0xF0, 0x1F, 0xC0, 0xFF, 0xE0, 0x1F, 0xC0,
    0xFF, 0xE0, 0x1F, 0xC0, 0xFF, 0xC0, 0x1F, 0xC0, 0xFF, 0xC0, 0x1F, 0xC0, 0xFF, 0x80, 0x1F, 0xC0,
    0xFF, 0x80, 0x1F, 0xC0, 0xFF, 0x00, 0x1F, 0xE0, 0xFF, 0x00, 0x3F, 0xC0, 0xFF, 0x00, 0x7F, 0x80,
    0xFF, 0x00, 0xFF, 0x00, 0xFF, 0x01, 0xFE, 0x00, 0xFF, 0x03, 0xFC, 0x00, 0xFF, 0x07, 0xF8, 0x00,
    0xFF, 0x0F, 0xF0, 0x00, 0xFF, 0x1F, 0xE0, 0x00, 0xFF, 0x3F, 0xC0, 0x00, 0xFF, 0x7F, 0x80, 0x00,
    0xFF, 0xFF, 0x00, 0x00, 0xFF, 0xFF, 0x80, 0x00, 0xFF, 0xFF, 0x80, 0x00, 0xFF, 0xFF, 0xC0, 0x00,
    0xFF, 0xFF, 0xE0, 0x00, 0xFF, 0xFF, 0xE0, 0x00, 0xFF, 0xEF, 0xF0, 0x00, 0xFF, 0xC7, 0xF8, 0x00,
    0xFF, 0x83, 0xF8, 0x00, 0xFF, 0x03, 0xFC, 0x00, 0xFF, 0x01, 0xFE, 0x00, 0xFF, 0x00, 0xFF, 0x00,
    0xFF, 0x00, 0xFF, 0x00, 0xFF, 0x00, 0x7F, 0x80, 0xFF, 0x00, 0x3F, 0xC0, 0xFF, 0x00, 0x3F, 0xC0,
    0xFF, 0x00, 0x1F, 0xE0, 0xFF, 0x00, 0x0F, 0xF0, 0x01, 0xFF, 0xFF, 0xF0, 0x01, 0xFF, 0xFF, 0xF0,
    0x01, 0xFF, 0xFF, 0xF0, 0x01, 0xFF, 0xFF, 0xF0, 0x01, 0xFF, 0xFF, 0xF0, 0x01, 0xFE, 0x0F, 0xF0,
    0x01, 0xFE, 0x0F, 0xF0, 0x01, 0xFE, 0x0F, 0xF0, 0x01, 0xFE, 0x0F, 0xF0, 0x01, 0xFE, 0x0F, 0xF0,
    0x01, 0xFE, 0x0F, 0xF0, 0x01, 0xFE, 0x0F, 0xF0, 0x01, 0xFE, 0x0F, 0xF0, 0x01, 0xFE, 0x0F, 0xF0,
    0x01, 0xFE, 0x0F, 0xF0, 0x01, 0xFE, 0x0F, 0xF0, 0x01, 0xFC, 0x0F, 0xF0, 0x03, 0xFC, 0x0F, 0xF0,
    0x03, 0xFC, 0x0F, 0xF0, 0x03, 0xFC, 0x0F, 0xF0, 0x03, 0xFC, 0x0F, 0xF0, 0x07, 0xF8, 0x0F, 0xF0,
    0x0F, 0xF8, 0x0F, 0xF0, 0x3F, 0xF8, 0x0F, 0xF0, 0xFF, 0xF0, 0x0F, 0xF0, 0xFF, 0xE0, 0x0F, 0xF0,
    0xFF, 0xC0, 0x0F, 0xF0, 0xFE, 0x00, 0x0F, 0xF0, 0xE0, 0x00, 0x0F, 0xF0, 0xFF, 0xC0, 0x03, 0xFF,
    0xFF, 0xC0, 0x03, 0xFF, 0xFF, 0xE0, 0x07, 0xFF, 0xFF, 0xE0, 0x07, 0xFF, 0xFF, 0xE0, 0x07, 0xFF,
    0xFF, 0xF0, 0x0F, 0xFF, 0xFF, 0xF0, 0x0F, 0xFF, 0xFF, 0xF8, 0x1F, 0xFF, 0xFF, 0xF8, 0x1F, 0xFF,
    0xFE, 0xFC, 0x3F, 0x7F, 0xFE, 0xFC, 0x3F, 0x7F, 0xFE, 0x7C, 0x3E, 0x7F, 0xFE, 0x7E, 0x7E, 0x7F,
    0xFE, 0x3E, 0x7C, 0x7F, 0xFE, 0x3F, 0xFC, 0x7F, 0xFE, 0x3F, 0xFC, 0x7F, 0xFE, 0x1F, 0xF8, 0x7F,
    0xFE, 0x1F, 0xF8, 0x7F, 0xFE, 0x0F, 0xF0, 0x7F, 0xFE, 0x0F, 0xF0, 0x7F, 0xFE, 0x07, 0xE0, 0x7F,
    0xFE, 0x07, 0xE0, 0x7F, 0xFE, 0x07, 0xE0, 0x7F, 0xFE, 0x00, 0x00, 0x7F, 0xFE, 0x00, 0x00, 0x7F,
    0xFE, 0x00, 0x00, 0x7F, 0xFE, 0x00, 0x00, 0x7F, 0xFE, 0x00, 0x00, 0x7F, 0xFE, 0x00, 0x00, 0x7F,
    0xFF, 0x00, 0x3F, 0xC0, 0xFF, 0x00, 0x3F, 0xC0, 0xFF, 0x00, 0x3F, 0xC0, 0xFF, 0x00, 0x3F, 0xC0,
    0xFF, 0x00, 0x3F, 0xC0, 0xFF, 0x00, 0x3F, 0xC0, 0xFF, 0x00, 0x3F, 0xC0, 0xFF, 0x00, 0x3F, 0xC0,
    0xFF, 0x00, 0x3F, 0xC0, 0xFF, 0x00, 0x3F, 0xC0, 0xFF, 0x00, 0x3F, 0xC0, 0xFF, 0x00, 0x3F, 0xC0,
    0xFF, 0xFF, 0xFF, 0xC0, 0xFF, 0xFF, 0xFF, 0xC0, 0xFF, 0xFF, 0xFF, 0xC0, 0xFF, 0xFF, 0xFF, 0xC0,
    0xFF, 0xFF, 0xFF, 0xC0, 0xFF, 0x00, 0x3F, 0xC0, 0xFF, 0x00, 0x3F, 0xC0, 0xFF, 0x00, 0x3F, 0xC0,
    0xFF, 0x00, 0x3F, 0xC0, 0xFF, 0x00, 0x3F, 0xC0, 0xFF, 0x00, 0x3F, 0xC0, 0xFF, 0x00, 0x3F, 0xC0,
    0xFF, 0x00, 0x3F, 0xC0, 0xFF, 0x00, 0x3F, 0xC0, 0xFF, 0x00, 0x3F, 0xC0, 0xFF, 0x00, 0x3F, 0xC0,
    0xFF, 0x00, 0x3F, 0xC0, 0x00, 0x3F, 0xF0, 0x00, 0x00, 0xFF, 0xFC, 0x00, 0x03, 0xFF, 0xFF, 0x00,
    0x0F, 0xFF, 0xFF, 0x80, 0x0F, 0xFF, 0xFF, 0xC0, 0x1F, 0xF0, 0x3F, 0xE0, 0x3F, 0xE0, 0x1F, 0xF0,
    0x3F, 0xC0, 0x0F, 0xF0, 0x7F, 0x80, 0x07, 0xF8, 0x7F, 0x80, 0x07, 0xF8, 0xFF, 0x80, 0x07, 0xFC,
    0xFF, 0x00, 0x03, 0xFC, 0xFF, 0x00, 0x03, 0xFC, 0xFF, 0x00, 0x03, 0xFC, 0xFF, 0x00, 0x03, 0xFC,
    0xFF, 0x00, 0x03, 0xFC, 0xFF, 0x00, 0x03, 0xFC, 0xFF, 0x00, 0x03, 0xFC, 0xFF, 0x00, 0x03, 0xFC,
    0xFF, 0x80, 0x07, 0xFC, 0x7F, 0x80, 0x07, 0xF8, 0x7F, 0x80, 0x07, 0xF8, 0x7F, 0xC0, 0x0F, 0xF8,
    0x3F, 0xE0, 0x1F, 0xF0, 0x1F, 0xF0, 0x3F, 0xE0, 0x1F, 0xFF, 0xFF, 0xC0, 0x0F, 0xFF, 0xFF, 0x80,
    0x03, 0xFF, 0xFF, 0x00, 0x01, 0xFF, 0xFC, 0x00, 0x00, 0x3F, 0xF0, 0x00, 0xFF, 0xFF, 0xFF, 0xC0,
    0xFF, 0xFF, 0xFF, 0xC0, 0xFF, 0xFF, 0xFF, 0xC0, 0xFF, 0xFF, 0xFF, 0xC0, 0xFF, 0xFF, 0xFF, 0xC0,
    0xFF, 0x00, 0x3F, 0xC0, 0xFF, 0x00, 0x3F, 0xC0, 0xFF, 0x00, 0x3F, 0xC0, 0xFF, 0x00, 0x3F, 0xC0,
    0xFF, 0x00, 0x3F, 0xC0, 0xFF, 0x00, 0x3F, 0xC0, 0xFF, 0x00, 0x3F, 0xC0, 0xFF, 0x00, 0x3F, 0xC0,
    0xFF, 0x00, 0x3F, 0xC0, 0xFF, 0x00, 0x3F, 0xC0, 0xFF, 0x00, 0x3F, 0xC0, 0xFF, 0x00, 0x3F, 0xC0,
    0xFF, 0x00, 0x3F, 0xC0, 0xFF, 0x00, 0x3F, 0xC0, 0xFF, 0x00, 0x3F, 0xC0, 0xFF, 0x00, 0x3F, 0xC0,
    0xFF, 0x00, 0x3F, 0xC0, 0xFF, 0x00, 0x3F, 0xC0, 0xFF, 0x00, 0x3F, 0xC0, 0xFF, 0x00, 0x3F, 0xC0,
    0xFF, 0x00, 0x3F, 0xC0, 0xFF, 0x00, 0x3F, 0xC0, 0xFF, 0x00, 0x3F, 0xC0, 0xFF, 0x00, 0x3F, 0xC0,
    0xFF, 0xFF, 0x80, 0xFF, 0xFF, 0xF0, 0xFF, 0xFF, 0xF8, 0xFF, 0xFF, 0xFC, 0xFF, 0xFF, 0xFE, 0xFF,
    0x03, 0xFE, 0xFF, 0x01, 0xFF, 0xFF, 0x00, 0xFF, 0xFF, 0x00, 0xFF, 0xFF, 0x00, 0xFF, 0xFF, 0x00,
    0xFF, 0xFF, 0x00, 0xFF, 0xFF, 0x01, 0xFF, 0xFF, 0x03, 0xFE, 0xFF, 0xFF, 0xFE, 0xFF, 0xFF, 0xFC,
    0xFF, 0xFF, 0xF8, 0xFF, 0xFF, 0xF0, 0xFF, 0xFF, 0x80, 0xFF, 0x00, 0x00, 0xFF, 0x00, 0x00, 0xFF,
    0x00, 0x00, 0xFF, 0x00, 0x00, 0xFF, 0x00, 0x00, 0xFF, 0x00, 0x00, 0xFF, 0x00, 0x00, 0xFF, 0x00,
    0x00, 0xFF, 0x00, 0x00, 0xFF, 0x00, 0x00, 0x00, 0x1F, 0xF8, 0x00, 0x00, 0xFF, 0xFF, 0x00, 0x03,
    0xFF, 0xFF, 0x80, 0x07, 0xFF, 0xFF, 0x80, 0x0F, 0xFF, 0xFF, 0x80, 0x1F, 0xF8, 0x0F, 0x80, 0x3F,
    0xF0, 0x01, 0x80, 0x3F, 0xC0, 0x00, 0x80, 0x7F, 0xC0, 0x00, 0x00, 0x7F, 0x80, 0x00, 0x00, 0x7F,
    0x80, 0x00, 0x00, 0xFF, 0x00, 0x00, 0x00, 0xFF, 0x00, 0x00, 0x00, 0xFF, 0x00, 0x00, 0x00, 0xFF,
    0x00, 0x00, 0x00, 0xFF, 0x00, 0x00, 0x00, 0xFF, 0x00, 0x00, 0x00, 0xFF, 0x00, 0x00, 0x00, 0xFF,
    0x00, 0x00, 0x00, 0xFF, 0x80, 0x00, 0x00, 0x7F, 0x80, 0x00, 0x00, 0x7F, 0xC0, 0x00, 0x00, 0x3F,
    0xC0, 0x00, 0x80, 0x3F, 0xF0, 0x01, 0x80, 0x1F, 0xFC, 0x0F, 0x80, 0x0F, 0xFF, 0xFF, 0x80, 0x07,
    0xFF, 0xFF, 0x80, 0x03, 0xFF, 0xFF, 0x80, 0x00, 0xFF, 0xFF, 0x00, 0x00, 0x1F, 0xF8, 0x00, 0xFF,
    0xFF, 0xFF, 0xF0, 0xFF, 0xFF, 0xFF, 0xF0, 0xFF, 0xFF, 0xFF, 0xF0, 0xFF, 0xFF, 0xFF, 0xF0, 0xFF,
    0xFF, 0xFF, 0xF0, 0x00, 0x3F, 0xC0, 0x00, 0x00, 0x3F, 0xC0, 0x00, 0x00, 0x3F, 0xC0, 0x00, 0x00,
    0x3F, 0xC0, 0x00, 0x00, 0x3F, 0xC0, 0x00, 0x00, 0x3F, 0xC0, 0x00, 0x00, 0x3F, 0xC0, 0x00, 0x00,
    0x3F, 0xC0, 0x00, 0x00, 0x3F, 0xC0, 0x00, 0x00, 0x3F, 0xC0, 0x00, 0x00, 0x3F, 0xC0, 0x00, 0x00,
    0x3F, 0xC0, 0x00, 0x00, 0x3F, 0xC0, 0x00, 0x00, 0x3F, 0xC0, 0x00, 0x00, 0x3F, 0xC0, 0x00, 0x00,
    0x3F, 0xC0, 0x00, 0x00, 0x3F, 0xC0, 0x00, 0x00, 0x3F, 0xC0, 0x00, 0x00, 0x3F, 0xC0, 0x00, 0x00,
    0x3F, 0xC0, 0x00, 0x00, 0x3F, 0xC0, 0x00, 0x00, 0x3F, 0xC0, 0x00, 0x00, 0x3F, 0xC0, 0x00, 0x00,
    0x3F, 0xC0, 0x00, 0xFF, 0x00, 0x07, 0xF8, 0x7F, 0x80, 0x0F, 0xF0, 0x7F, 0x80, 0x0F, 0xF0, 0x3F,
    0xC0, 0x1F, 0xE0, 0x3F, 0xC0, 0x1F, 0xE0, 0x1F, 0xE0, 0x3F, 0xC0, 0x1F, 0xE0, 0x3F, 0xC0, 0x0F,
    0xF0, 0x7F, 0x80, 0x0F, 0xF0, 0x7F, 0x80, 0x07, 0xF8, 0xFF, 0x00, 0x07, 0xF8, 0xFF, 0x00, 0x03,
    0xFD, 0xFF, 0x00, 0x03, 0xFD, 0xFE, 0x00, 0x01, 0xFF, 0xFE, 0x00, 0x01, 0xFF, 0xFC, 0x00, 0x00,
    0xFF, 0xFC, 0x00, 0x00, 0xFF, 0xF8, 0x00, 0x00, 0x7F, 0xF8, 0x00, 0x00, 0x7F, 0xF0, 0x00, 0x00,
    0x3F, 0xF0, 0x00, 0x00, 0x3F, 0xE0, 0x00, 0x00, 0x3F, 0xE0, 0x00, 0x00, 0x3F, 0xC0, 0x00, 0x00,
    0x3F, 0xC0, 0x00, 0x07, 0xFF, 0x80, 0x00, 0x07, 0xFF, 0x80, 0x00, 0x07, 0xFF, 0x00, 0x00, 0x07,
    0xFE, 0x00, 0x00, 0x07, 0xF0, 0x00, 0x00, 0x00, 0x03, 0xFC, 0x00, 0x00, 0x00, 0x03, 0xFC, 0x00,
    0x00, 0x00, 0x03, 0xFC, 0x00, 0x00, 0x00, 0x3F, 0xFF, 0xC0, 0x00, 0x01, 0xFF, 0xFF, 0xF8, 0x00,
    0x07, 0xFF, 0xFF, 0xFE, 0x00, 0x1F, 0xFF, 0xFF, 0xFF, 0x80, 0x3F, 0xFF, 0xFF, 0xFF, 0xC0, 0x7F,
    0xF3, 0xFC, 0xFF, 0xE0, 0x7F, 0xC3, 0xFC, 0x3F, 0xE0, 0x7F, 0x83, 0xFC, 0x1F, 0xE0, 0xFF, 0x03,
    0xFC, 0x0F, 0xF0, 0xFF, 0x03, 0xFC, 0x0F, 0xF0, 0xFF, 0x03, 0xFC, 0x0F, 0xF0, 0xFF, 0x03, 0xFC,
    0x0F, 0xF0, 0xFF, 0x03, 0xFC, 0x0F, 0xF0, 0xFF, 0x03, 0xFC, 0x0F, 0xF0, 0xFF, 0x03, 0xFC, 0x0F,
    0xF0, 0x7F, 0x83, 0xFC, 0x1F, 0xE0, 0x7F, 0xC3, 0xFC, 0x3F, 0xE0, 0x7F, 0xF3, 0xFC, 0xFF, 0xE0,
    0x3F, 0xFF, 0xFF, 0xFF, 0xC0, 0x1F, 0xFF, 0xFF, 0xFF, 0x80, 0x07, 0xFF, 0xFF, 0xFE, 0x00, 0x01,
    0xFF, 0xFF, 0xF8, 0x00, 0x00, 0x3F, 0xFF, 0xC0, 0x00, 0x00, 0x03, 0xFC, 0x00, 0x00, 0x00, 0x03,
    0xFC, 0x00, 0x00, 0x00, 0x03, 0xFC, 0x00, 0x00, 0xFF, 0x00, 0x07, 0xF8, 0x7F, 0x80, 0x0F, 0xF0,
    0x3F, 0xC0, 0x1F, 0xE0, 0x3F, 0xC0, 0x1F, 0xE0, 0x1F, 0xE0, 0x3F, 0xC0, 0x0F, 0xF0, 0x7F, 0x80,
    0x07, 0xF8, 0xFF, 0x00, 0x07, 0xF8, 0xFF, 0x00, 0x03, 0xFD, 0xFE, 0x00, 0x01, 0xFF, 0xFC, 0x00,
    0x01, 0xFF, 0xFC, 0x00, 0x00, 0xFF, 0xF8, 0x00, 0x00, 0x7F, 0xF0, 0x00, 0x00, 0x7F, 0xF0, 0x00,
    0x00, 0x3F, 0xE0, 0x00, 0x00, 0x7F, 0xF0, 0x00, 0x00, 0xFF, 0xF8, 0x00, 0x00, 0xFF, 0xF8, 0x00,
    0x01, 0xFF, 0xFC, 0x00, 0x03, 0xFD, 0xFE, 0x00, 0x03, 0xFD, 0xFE, 0x00, 0x07, 0xF8, 0xFF, 0x00,
    0x0F, 0xF0, 0x7F, 0x80, 0x0F, 0xF0, 0x7F, 0x80, 0x1F, 0xE0, 0x3F, 0xC0, 0x3F, 0xC0, 0x1F, 0xE0,
    0x3F, 0xC0, 0x0F, 0xE0, 0x7F, 0x80, 0x0F, 0xF0, 0xFF, 0x00, 0x07, 0xF8, 0xFF, 0x00, 0x3F, 0xC0,
    0xFF, 0x00, 0x3F, 0xC0, 0xFF, 0x00, 0x3F, 0xC0, 0xFF, 0x00, 0x3F, 0xC0, 0xFF, 0x00, 0x3F, 0xC0,
    0xFF, 0x00, 0x3F, 0xC0, 0xFF, 0x00, 0x3F, 0xC0, 0xFF, 0x00, 0x3F, 0xC0, 0xFF, 0x00, 0x3F, 0xC0,
    0xFF, 0x00, 0x3F, 0xC0, 0xFF, 0x00, 0x3F, 0xC0, 0xFF, 0x00, 0x3F, 0xC0, 0xFF, 0x00, 0x3F, 0xC0,
    0xFF, 0x00, 0x3F, 0xC0, 0xFF, 0x00, 0x3F, 0xC0, 0xFF, 0x00, 0x3F, 0xC0, 0xFF, 0x00, 0x3F, 0xC0,
    0xFF, 0x00, 0x3F, 0xC0, 0xFF, 0x00, 0x3F, 0xC0, 0xFF, 0x00, 0x3F, 0xC0, 0xFF, 0x00, 0x3F, 0xC0,
    0xFF, 0x00, 0x3F, 0xC0, 0xFF, 0x00, 0x3F, 0xC0, 0xFF, 0x00, 0x3F, 0xC0, 0xFF, 0xFF, 0xFF, 0xFE,
    0xFF, 0xFF, 0xFF, 0xFE, 0xFF, 0xFF, 0xFF, 0xFE, 0xFF, 0xFF, 0xFF, 0xFE, 0xFF, 0xFF, 0xFF, 0xFE,
    0x00, 0x00, 0x00, 0x7E, 0x00, 0x00, 0x00, 0x7E, 0x00, 0x00, 0x00, 0x7E, 0x00, 0x00, 0x00, 0x7E,
    0x00, 0x00, 0x00, 0x7E, 0x00, 0x00, 0x00, 0x7E, 0xFF, 0x00, 0x7F, 0x80, 0xFF, 0x00, 0x7F, 0x80,
    0xFF, 0x00, 0x7F, 0x80, 0xFF, 0x00, 0x7F, 0x80, 0xFF, 0x00, 0x7F, 0x80, 0xFF, 0x00, 0x7F, 0x80,
    0xFF, 0x00, 0x7F, 0x80, 0xFF, 0x00, 0x7F, 0x80, 0xFF, 0x00, 0x7F, 0x80, 0xFF, 0x00, 0x7F, 0x80,
    0xFF, 0x00, 0x7F, 0x80, 0xFF, 0x80, 0x7F, 0x80, 0x7F, 0xFF, 0xFF, 0x80, 0x7F, 0xFF, 0xFF, 0x80,
    0x3F, 0xFF, 0xFF, 0x80, 0x1F, 0xFF, 0xFF, 0x80, 0x0F, 0xFF, 0xFF, 0x80, 0x00, 0x00, 0x7F, 0x80,
    0x00, 0x00, 0x7F, 0x80, 0x00, 0x00, 0x7F, 0x80, 0x00, 0x00, 0x7F, 0x80, 0x00, 0x00, 0x7F, 0x80,
    0x00, 0x00, 0x7F, 0x80, 0x00, 0x00, 0x7F, 0x80, 0x00, 0x00, 0x7F, 0x80, 0x00, 0x00, 0x7F, 0x80,
    0x00, 0x00, 0x7F, 0x80, 0x00, 0x00, 0x7F, 0x80, 0x00, 0x00, 0x7F, 0x80, 0xFF, 0x00, 0x7F, 0x80,
    0x3F, 0xC0, 0xFF, 0x00, 0x7F, 0x80, 0x3F, 0xC0, 0xFF, 0x00, 0x7F, 0x80, 0x3F, 0xC0, 0xFF, 0x00,
    0x7F, 0x80, 0x3F, 0xC0, 0xFF, 0x00, 0x7F, 0x80, 0x3F, 0xC0, 0xFF, 0x00, 0x7F, 0x80, 0x3F, 0xC0,
    0xFF, 0x00, 0x7F, 0x80, 0x3F, 0xC0, 0xFF, 0x00, 0x7F, 0x80, 0x3F, 0xC0, 0xFF, 0x00, 0x7F, 0x80,
    0x3F, 0xC0, 0xFF, 0x00, 0x7F, 0x80, 0x3F, 0xC0, 0xFF, 0x00, 0x7F, 0x80, 0x3F, 0xC0, 0xFF, 0x00,
    0x7F, 0x80, 0x3F, 0xC0, 0xFF, 0x00, 0x7F, 0x80, 0x3F, 0xC0, 0xFF, 0x00, 0x7F, 0x80, 0x3F, 0xC0,
    0xFF, 0x00, 0x7F, 0x80, 0x3F, 0xC0, 0xFF, 0x00, 0x7F, 0x80, 0x3F, 0xC0, 0xFF, 0x00, 0x7F, 0x80,
    0x3F, 0xC0, 0xFF, 0x00, 0x7F, 0x80, 0x3F, 0xC0, 0xFF, 0x00, 0x7F, 0x80, 0x3F, 0xC0, 0xFF, 0x00,
    0x7F, 0x80, 0x3F, 0xC0, 0xFF, 0x00, 0x7F, 0x80, 0x3F, 0xC0, 0xFF, 0x00, 0x7F, 0x80, 0x3F, 0xC0,
    0xFF, 0x00, 0x7F, 0x80, 0x3F, 0xC0, 0xFF, 0x00, 0x7F, 0x80, 0x3F, 0xC0, 0xFF, 0xFF, 0xFF, 0xFF,
    0xFF, 0xC0, 0xFF, 0xFF, 0xFF, 0xFF, 0xFF, 0xC0, 0xFF, 0xFF, 0xFF, 0xFF, 0xFF, 0xC0, 0xFF, 0xFF,
    0xFF, 0xFF, 0xFF, 0xC0, 0xFF, 0xFF, 0xFF, 0xFF, 0xFF, 0xC0, 0xFF, 0x00, 0x7F, 0x80, 0x3F, 0xC0,
    0xFF, 0x00, 0x7F, 0x80, 0x3F, 0xC0, 0xFF, 0x00, 0x7F, 0x80, 0x3F, 0xC0, 0xFF, 0x00, 0x7F, 0x80,
    0x3F, 0xC0, 0xFF, 0x00, 0x7F, 0x80, 0x3F, 0xC0, 0xFF, 0x00, 0x7F, 0x80, 0x3F, 0xC0, 0xFF, 0x00,
    0x7F, 0x80, 0x3F, 0xC0, 0xFF, 0x00, 0x7F, 0x80, 0x3F, 0xC0, 0xFF, 0x00, 0x7F, 0x80, 0x3F, 0xC0,
    0xFF, 0x00, 0x7F, 0x80, 0x3F, 0xC0, 0xFF, 0x00, 0x7F, 0x80, 0x3F, 0xC0, 0xFF, 0x00, 0x7F, 0x80,
    0x3F, 0xC0, 0xFF, 0x00, 0x7F, 0x80, 0x3F, 0xC0, 0xFF, 0x00, 0x7F, 0x80, 0x3F, 0xC0, 0xFF, 0x00,
    0x7F, 0x80, 0x3F, 0xC0, 0xFF, 0x00, 0x7F, 0x80, 0x3F, 0xC0, 0xFF, 0x00, 0x7F, 0x80, 0x3F, 0xC0,
    0xFF, 0x00, 0x7F, 0x80, 0x3F, 0xC0, 0xFF, 0x00, 0x7F, 0x80, 0x3F, 0xC0, 0xFF, 0x00, 0x7F, 0x80,
    0x3F, 0xC0, 0xFF, 0x00, 0x7F, 0x80, 0x3F, 0xC0, 0xFF, 0x00, 0x7F, 0x80, 0x3F, 0xC0, 0xFF, 0x00,
    0x7F, 0x80, 0x3F, 0xC0, 0xFF, 0x00, 0x7F, 0x80, 0x3F, 0xC0, 0xFF, 0xFF, 0xFF, 0xFF, 0xFF, 0xFE,
    0xFF, 0xFF, 0xFF, 0xFF, 0xFF, 0xFE, 0xFF, 0xFF, 0xFF, 0xFF, 0xFF, 0xFE, 0xFF, 0xFF, 0xFF, 0xFF,
    0xFF, 0xFE, 0xFF, 0xFF, 0xFF, 0xFF, 0xFF, 0xFE, 0x00, 0x00, 0x00, 0x00, 0x00, 0x7E, 0x00, 0x00,
    0x00, 0x00, 0x00, 0x7E, 0x00, 0x00, 0x00, 0x00, 0x00, 0x7E, 0x00, 0x00, 0x00, 0x00, 0x00, 0x7E,
    0x00, 0x00, 0x00, 0x00, 0x00, 0x7E, 0x00, 0x00, 0x00, 0x00, 0x00, 0x7E, 0xFF, 0xFF, 0x80, 0x00,
    0x00, 0xFF, 0xFF, 0x80, 0x00, 0x00, 0xFF, 0xFF, 0x80, 0x00, 0x00, 0xFF, 0xFF, 0x80, 0x00, 0x00,
    0xFF, 0xFF, 0x80, 0x00, 0x00, 0xFF, 0xFF, 0x80, 0x00, 0x00, 0x00, 0x3F, 0x80, 0x00, 0x00, 0x00,
    0x3F, 0x80, 0x00, 0x00, 0x00, 0x3F, 0x80, 0x00, 0x00, 0x00, 0x3F, 0x80, 0x00, 0x00, 0x00, 0x3F,
    0x80, 0x00, 0x00, 0x00, 0x3F, 0xFF, 0xE0, 0x00, 0x00, 0x3F, 0xFF, 0xFC, 0x00, 0x00, 0x3F, 0xFF,
    0xFE, 0x00, 0x00, 0x3F, 0xFF, 0xFF, 0x00, 0x00, 0x3F, 0xFF, 0xFF, 0x80, 0x00, 0x3F, 0xFF, 0xFF,
    0x80, 0x00, 0x3F, 0x80, 0x7F, 0x80, 0x00, 0x3F, 0x80, 0x3F, 0xC0, 0x00, 0x3F, 0x80, 0x3F, 0xC0,
    0x00, 0x3F, 0x80, 0x3F, 0xC0, 0x00, 0x3F, 0x80, 0x3F, 0xC0, 0x00, 0x3F, 0x80, 0x7F, 0x80, 0x00,
    0x3F, 0x80, 0xFF, 0x80, 0x00, 0x3F, 0xFF, 0xFF, 0x80, 0x00, 0x3F, 0xFF, 0xFF, 0x00, 0x00, 0x3F,
    0xFF, 0xFE, 0x00, 0x00, 0x3F, 0xFF, 0xF8, 0x00, 0x00, 0x3F, 0xFF, 0xE0, 0x00, 0xFF, 0x00, 0x00,
    0x1F, 0xE0, 0xFF, 0x00, 0x00, 0x1F, 0xE0, 0xFF, 0x00, 0x00, 0x1F, 0xE0, 0xFF, 0x00, 0x00, 0x1F,
    0xE0, 0xFF, 0x00, 0x00, 0x1F, 0xE0, 0xFF, 0x00, 0x00, 0x1F, 0xE0, 0xFF, 0x00, 0x00, 0x1F, 0xE0,
    0xFF, 0x00, 0x00, 0x1F, 0xE0, 0xFF, 0x00, 0x00, 0x1F, 0xE0, 0xFF, 0x00, 0x00, 0x1F, 0xE0, 0xFF,
    0x00, 0x00, 0x1F, 0xE0, 0xFF, 0xFF, 0x80, 0x1F, 0xE0, 0xFF, 0xFF, 0xF0, 0x1F, 0xE0, 0xFF, 0xFF,
    0xF8, 0x1F, 0xE0, 0xFF, 0xFF, 0xFC, 0x1F, 0xE0, 0xFF, 0xFF, 0xFE, 0x1F, 0xE0, 0xFF, 0x03, 0xFE,
    0x1F, 0xE0, 0xFF, 0x01, 0xFF, 0x1F, 0xE0, 0xFF, 0x00, 0xFF, 0x1F, 0xE0, 0xFF, 0x00, 0xFF, 0x1F,
    0xE0, 0xFF, 0x00, 0xFF, 0x1F, 0xE0, 0xFF, 0x00, 0xFF, 0x1F, 0xE0, 0xFF, 0x01, 0xFF, 0x1F, 0xE0,
    0xFF, 0x03, 0xFE, 0x1F, 0xE0, 0xFF, 0xFF, 0xFE, 0x1F, 0xE0, 0xFF, 0xFF, 0xFC, 0x1F, 0xE0, 0xFF,
    0xFF, 0xF8, 0x1F, 0xE0, 0xFF, 0xFF, 0xF0, 0x1F, 0xE0, 0xFF, 0xFF, 0x80, 0x1F, 0xE0, 0xFF, 0x00,
    0x00, 0xFF, 0x00, 0x00, 0xFF, 0x00, 0x00, 0xFF, 0x00, 0x00, 0xFF, 0x00, 0x00, 0xFF, 0x00, 0x00,
    0xFF, 0x00, 0x00, 0xFF, 0x00, 0x00, 0xFF, 0x00, 0x00, 0xFF, 0x00, 0x00, 0xFF, 0x00, 0x00, 0xFF,
    0xFF, 0x80, 0xFF, 0xFF, 0xF0, 0xFF, 0xFF, 0xF8, 0xFF, 0xFF, 0xFC, 0xFF, 0xFF, 0xFE, 0xFF, 0x03,
    0xFE, 0xFF, 0x01, 0xFF, 0xFF, 0x00, 0xFF, 0xFF, 0x00, 0xFF, 0xFF, 0x00, 0xFF, 0xFF, 0x00, 0xFF,
    0xFF, 0x01, 0xFF, 0xFF, 0x03, 0xFE, 0xFF, 0xFF, 0xFE, 0xFF, 0xFF, 0xFC, 0xFF, 0xFF, 0xF8, 0xFF,
    0xFF, 0xF0, 0xFF, 0xFF, 0x80, 0x03, 0xF0, 0x00, 0x3F, 0xFF, 0x00, 0xFF, 0xFF, 0xC0, 0xFF, 0xFF,
    0xE0, 0xFF, 0xFF, 0xF0, 0xFF, 0xFF, 0xF8, 0xE0, 0x0F, 0xFC, 0x80, 0x07, 0xFE, 0x00, 0x03, 0xFE,
    0x00, 0x01, 0xFE, 0x00, 0x00, 0xFF, 0x00, 0x00, 0xFF, 0x00, 0x00, 0xFF, 0x1F, 0xFF, 0xFF, 0x1F,
    0xFF, 0xFF, 0x1F, 0xFF, 0xFF, 0x1F, 0xFF, 0xFF, 0x1F, 0xFF, 0xFF, 0x00, 0x00, 0xFF, 0x00, 0x00,
    0xFF, 0x00, 0x00, 0xFF, 0x00, 0x01, 0xFE, 0x00, 0x03, 0xFE, 0x80, 0x07, 0xFC, 0xF0, 0x0F, 0xFC,
    0xFF, 0xFF, 0xF8, 0xFF, 0xFF, 0xF0, 0xFF, 0xFF, 0xE0, 0xFF, 0xFF, 0x80, 0x3F, 0xFE, 0x00, 0x01,
    0xE0, 0x00, 0x00, 0x00, 0x07, 0xFE, 0x00, 0x00, 0xFF, 0x00, 0x3F, 0xFF, 0x80, 0x00, 0xFF, 0x00,
    0x7F, 0xFF, 0xE0, 0x00, 0xFF, 0x00, 0xFF, 0xFF, 0xF0, 0x00, 0xFF, 0x01, 0xFF, 0xFF, 0xF8, 0x00,
    0xFF, 0x03, 0xFE, 0x07, 0xFC, 0x00, 0xFF, 0x07, 0xFC, 0x03, 0xFE, 0x00, 0xFF, 0x07, 0xF8, 0x01,
    0xFE, 0x00, 0xFF, 0x0F, 0xF0, 0x00, 0xFF, 0x00, 0xFF, 0x0F, 0xF0, 0x00, 0xFF, 0x00, 0xFF, 0x1F,
    0xF0, 0x00, 0xFF, 0x80, 0xFF, 0x1F, 0xE0, 0x00, 0x7F, 0x80, 0xFF, 0x1F, 0xE0, 0x00, 0x7F, 0x80,
    0xFF, 0xFF, 0xE0, 0x00, 0x7F, 0x80, 0xFF, 0xFF, 0xE0, 0x00, 0x7F, 0x80, 0xFF, 0xFF, 0xE0, 0x00,
    0x7F, 0x80, 0xFF, 0xFF, 0xE0, 0x00, 0x7F, 0x80, 0xFF, 0xFF, 0xE0, 0x00, 0x7F, 0x80, 0xFF, 0x1F,
    0xE0, 0x00, 0x7F, 0x80, 0xFF, 0x1F, 0xF0, 0x00, 0xFF, 0x00, 0xFF, 0x1F, 0xF0, 0x00, 0xFF, 0x00,
    0xFF, 0x0F, 0xF0, 0x00, 0xFF, 0x00, 0xFF, 0x0F, 0xF8, 0x01, 0xFE, 0x00, 0xFF, 0x07, 0xFC, 0x03,
    0xFE, 0x00, 0xFF, 0x03, 0xFE, 0x07, 0xFC, 0x00, 0xFF, 0x03, 0xFF, 0xFF, 0xFC, 0x00, 0xFF, 0x01,
    0xFF, 0xFF, 0xF8, 0x00, 0xFF, 0x00, 0xFF, 0xFF, 0xE0, 0x00, 0xFF, 0x00, 0x3F, 0xFF, 0x80, 0x00,
    0xFF, 0x00, 0x07, 0xFC, 0x00, 0x00, 0x01, 0xFF, 0xFF, 0x07, 0xFF, 0xFF, 0x1F, 0xFF, 0xFF, 0x3F,
    0xFF, 0xFF, 0x3F, 0xE0, 0xFF, 0x7F, 0xC0, 0xFF, 0x7F, 0x80, 0xFF, 0x7F, 0x80, 0xFF, 0x7F, 0x80,
    0xFF, 0x7F, 0x80, 0xFF, 0x7F, 0x80, 0xFF, 0x3F, 0x80, 0xFF, 0x3F, 0xC0, 0xFF, 0x1F, 0xE0, 0xFF,
    0x0F, 0xFF, 0xFF, 0x07, 0xFF, 0xFF, 0x01, 0xFF, 0xFF, 0x03, 0xFF, 0xFF, 0x03, 0xF8, 0xFF, 0x07,
    0xF8, 0xFF, 0x07, 0xF0, 0xFF, 0x0F, 0xF0, 0xFF, 0x0F, 0xE0, 0xFF, 0x1F, 0xE0, 0xFF, 0x1F, 0xC0,
    0xFF, 0x3F, 0x80, 0xFF, 0x7F, 0x80, 0xFF, 0x7F, 0x00, 0xFF, 0xFF, 0x00, 0xFF, 0x03, 0xFF, 0x00,
    0x1F, 0xFF, 0xC0, 0x3F, 0xFF, 0xF0, 0x3F, 0xFF, 0xF8, 0x3F, 0xFF, 0xF8, 0x3C, 0x07, 0xF8, 0x20,
    0x01, 0xFC, 0x00, 0x01, 0xFC, 0x03, 0xFF, 0xFC, 0x1F, 0xFF, 0xFC, 0x3F, 0xFF, 0xFC, 0x7F, 0xFF,
    0xFC, 0x7F, 0x81, 0xFC, 0xFE, 0x01, 0xFC, 0xFE, 0x01, 0xFC, 0xFE, 0x03, 0xFC, 0xFE, 0x03, 0xFC,
    0xFF, 0x0F, 0xFC, 0xFF, 0xFF, 0xFC, 0x7F, 0xFF, 0xFC, 0x3F, 0xFD, 0xFC, 0x1F, 0xF9, 0xFC, 0x07,
    0xE1, 0xFC, 0x00, 0x1F, 0xE0, 0x03, 0xFF, 0xF0, 0x0F, 0xFF, 0xF0, 0x1F, 0xFF, 0xF8, 0x3F, 0xFF,
    0xC0, 0x3F, 0xC0, 0x00, 0x7F, 0x00, 0x00, 0x7E, 0x3F, 0x80, 0xFF, 0xFF, 0xE0, 0xFF, 0xFF, 0xF8,
    0xFF, 0xFF, 0xFC, 0xFF, 0xFF, 0xFC, 0xFF, 0xC3, 0xFE, 0xFF, 0x00, 0xFE, 0xFF, 0x00, 0xFF, 0xFE,
    0x00, 0x7F, 0xFE, 0x00, 0x7F, 0xFE, 0x00, 0x7F, 0xFE, 0x00, 0x7F, 0xFE, 0x00, 0x7F, 0xFE, 0x00,
    0x7F, 0xFE, 0x00, 0x7F, 0xFF, 0x00, 0xFE, 0x7F, 0x00, 0xFE, 0x7F, 0xC3, 0xFE, 0x3F, 0xFF, 0xFC,
    0x1F, 0xFF, 0xF8, 0x0F, 0xFF, 0xF0, 0x07, 0xFF, 0xE0, 0x00, 0xFF, 0x00, 0xFF, 0xFE, 0x00, 0xFF,
    0xFF, 0x80, 0xFF, 0xFF, 0xC0, 0xFF, 0xFF, 0xE0, 0xFF, 0xFF, 0xE0, 0xFE, 0x0F, 0xE0, 0xFE, 0x0F,
    0xE0, 0xFE, 0x0F, 0xE0, 0xFF, 0xFF, 0xC0, 0xFF, 0xFF, 0x80, 0xFF, 0xFF, 0x80, 0xFF, 0xFF, 0xC0,
    0xFF, 0xFF, 0xE0, 0xFE, 0x0F, 0xF0, 0xFE, 0x07, 0xF0, 0xFE, 0x07, 0xF0, 0xFE, 0x0F, 0xF0, 0xFF,
    0xFF, 0xF0, 0xFF, 0xFF, 0xE0, 0xFF, 0xFF, 0xE0, 0xFF, 0xFF, 0xC0, 0xFF, 0xFE, 0x00, 0xFF, 0xFF,
    0x80, 0xFF, 0xFF, 0x80, 0xFF, 0xFF, 0x80, 0xFF, 0xFF, 0x80, 0xFF, 0xFF, 0x80, 0xFE, 0x00, 0x00,
    0xFE, 0x00, 0x00, 0xFE, 0x00, 0x00, 0xFE, 0x00, 0x00, 0xFE, 0x00, 0x00, 0xFE, 0x00, 0x00, 0xFE,
    0x00, 0x00, 0xFE, 0x00, 0x00, 0xFE, 0x00, 0x00, 0xFE, 0x00, 0x00, 0xFE, 0x00, 0x00, 0xFE, 0x00,
    0x00, 0xFE, 0x00, 0x00, 0xFE, 0x00, 0x00, 0xFE, 0x00, 0x00, 0xFE, 0x00, 0x00, 0xFE, 0x00, 0x00,
    0x07, 0xFF, 0xFF, 0x00, 0x07, 0xFF, 0xFF, 0x00, 0x07, 0xFF, 0xFF, 0x00, 0x07, 0xFF, 0xFF, 0x00,
    0x07, 0xFF, 0xFF, 0x00, 0x07, 0xF0, 0x7F, 0x00, 0x07, 0xF0, 0x7F, 0x00, 0x07, 0xF0, 0x7F, 0x00,
    0x07, 0xF0, 0x7F, 0x00, 0x07, 0xF0, 0x7F, 0x00, 0x07, 0xF0, 0x7F, 0x00, 0x07, 0xF0, 0x7F, 0x00,
    0x0F, 0xF0, 0x7F, 0x00, 0x0F, 0xE0, 0x7F, 0x00, 0x0F, 0xE0, 0x7F, 0x00, 0x1F, 0xE0, 0x7F, 0x00,
    0x3F, 0xE0, 0x7F, 0x00, 0xFF, 0xFF, 0xFF, 0xF0, 0xFF, 0xFF, 0xFF, 0xF0, 0xFF, 0xFF, 0xFF, 0xF0,
    0xFF, 0xFF, 0xFF, 0xF0, 0xFF, 0xFF, 0xFF, 0xF0, 0xF8, 0x00, 0x01, 0xF0, 0xF8, 0x00, 0x01, 0xF0,
    0xF8, 0x00, 0x01, 0xF0, 0xF8, 0x00, 0x01, 0xF0, 0xF8, 0x00, 0x01, 0xF0, 0xF8, 0x00, 0x01, 0xF0,
    0x00, 0xFF, 0x00, 0x07, 0xFF, 0xC0, 0x0F, 0xFF, 0xE0, 0x1F, 0xFF, 0xF0, 0x3F, 0xFF, 0xF8, 0x7F,
    0x83, 0xFC, 0x7F, 0x01, 0xFC, 0x7F, 0x00, 0xFE, 0xFE, 0x00, 0xFE, 0xFF, 0xFF, 0xFE, 0xFF, 0xFF,
    0xFE, 0xFF, 0xFF, 0xFE, 0xFF, 0xFF, 0xFE, 0xFE, 0x00, 0x00, 0xFE, 0x00, 0x00, 0xFF, 0x00, 0x04,
    0x7F, 0x00, 0x1C, 0x7F, 0xC0, 0x7C, 0x3F, 0xFF, 0xFC, 0x1F, 0xFF, 0xFC, 0x0F, 0xFF, 0xF8, 0x07,
    0xFF, 0xE0, 0x00, 0xFF, 0x00, 0x7F, 0x80, 0xFE, 0x03, 0xFC, 0x1F, 0xC0, 0xFE, 0x07, 0xF0, 0x0F,
    0xE0, 0xFE, 0x0F, 0xE0, 0x07, 0xF0, 0xFE, 0x1F, 0xC0, 0x03, 0xF8, 0xFE, 0x3F, 0x80, 0x01, 0xFC,
    0xFE, 0x7F, 0x00, 0x00, 0xFE, 0xFE, 0xFE, 0x00, 0x00, 0x7F, 0xFF, 0xFC, 0x00, 0x00, 0x3F, 0xFF,
    0xF8, 0x00, 0x00, 0x3F, 0xFF, 0xF8, 0x00, 0x00, 0x7F, 0xFF, 0xFC, 0x00, 0x00, 0xFF, 0xFF, 0xFE,
    0x00, 0x01, 0xFF, 0xFF, 0xFF, 0x00, 0x01, 0xFD, 0xFF, 0x7F, 0x00, 0x03, 0xF8, 0xFE, 0x3F, 0x80,
    0x07, 0xF0, 0xFE, 0x1F, 0xC0, 0x0F, 0xF0, 0xFE, 0x1F, 0xE0, 0x1F, 0xE0, 0xFE, 0x0F, 0xF0, 0x1F,
    0xC0, 0xFE, 0x07, 0xF0, 0x3F, 0x80, 0xFE, 0x03, 0xF8, 0x7F, 0x00, 0xFE, 0x01, 0xFC, 0xFF, 0x00,
    0xFE, 0x01, 0xFE, 0x1F, 0xFC, 0x00, 0x7F, 0xFF, 0x00, 0x7F, 0xFF, 0x80, 0x7F, 0xFF, 0xC0, 0x7F,
    0xFF, 0xC0, 0x60, 0x1F, 0xC0, 0x00, 0x0F, 0xC0, 0x00, 0x0F, 0xC0, 0x00, 0x1F, 0x80, 0x0F, 0xFF,
    0x00, 0x0F, 0xFC, 0x00, 0x0F, 0xFF, 0x00, 0x0F, 0xFF, 0xC0, 0x0F, 0xFF, 0xC0, 0x00, 0x1F, 0xE0,
    0x00, 0x07, 0xE0, 0x80, 0x07, 0xE0, 0xF0, 0x1F, 0xE0, 0xFF, 0xFF, 0xE0, 0xFF, 0xFF, 0xC0, 0xFF,
    0xFF, 0x80, 0x7F, 0xFF, 0x00, 0x0F, 0xF8, 0x00, 0xFE, 0x07, 0xF8, 0xFE, 0x07, 0xF8, 0xFE, 0x0F,
    0xF8, 0xFE, 0x0F, 0xF8, 0xFE, 0x1F, 0xF8, 0xFE, 0x1F, 0xF8, 0xFE, 0x3F, 0xF8, 0xFE, 0x7F, 0xF8,
    0xFE, 0x7F, 0xF8, 0xFE, 0xFF, 0xF8, 0xFE, 0xFF, 0xF8, 0xFF, 0xFB, 0xF8, 0xFF, 0xFB, 0xF8, 0xFF,
    0xF3, 0xF8, 0xFF, 0xF3, 0xF8, 0xFF, 0xE3, 0xF8, 0xFF, 0xC3, 0xF8, 0xFF, 0xC3, 0xF8, 0xFF, 0x83,
    0xF8, 0xFF, 0x83, 0xF8, 0xFF, 0x03, 0xF8, 0xFF, 0x03, 0xF8, 0x0E, 0x03, 0x80, 0x0F, 0x03, 0x80,
    0x0F, 0x87, 0x80, 0x07, 0xFF, 0x00, 0x03, 0xFE, 0x00, 0x01, 0xF8, 0x00, 0x00, 0x00, 0x00, 0x00,
    0x00, 0x00, 0xFE, 0x07, 0xF8, 0xFE, 0x07, 0xF8, 0xFE, 0x0F, 0xF8, 0xFE, 0x0F, 0xF8, 0xFE, 0x1F,
    0xF8, 0xFE, 0x1F, 0xF8, 0xFE, 0x3F, 0xF8, 0xFE, 0x7F, 0xF8, 0xFE, 0x7F, 0xF8, 0xFE, 0xFF, 0xF8,
    0xFE, 0xFF, 0xF8, 0xFF, 0xFB, 0xF8, 0xFF, 0xFB, 0xF8, 0xFF, 0xF3, 0xF8, 0xFF, 0xF3, 0xF8, 0xFF,
    0xE3, 0xF8, 0xFF, 0xC3, 0xF8, 0xFF, 0xC3, 0xF8, 0xFF, 0x83, 0xF8, 0xFF, 0x83, 0xF8, 0xFF, 0x03,
    0xF8, 0xFF, 0x03, 0xF8, 0xFE, 0x03, 0xFC, 0xFE, 0x07, 0xF0, 0xFE, 0x0F, 0xE0, 0xFE, 0x1F, 0xC0,
    0xFE, 0x3F, 0x80, 0xFE, 0x7F, 0x00, 0xFE, 0xFE, 0x00, 0xFF, 0xFC, 0x00, 0xFF, 0xF8, 0x00, 0xFF,
    0xF8, 0x00, 0xFF, 0xFC, 0x00, 0xFF, 0xFE, 0x00, 0xFF, 0xFF, 0x00, 0xFF, 0x7F, 0x00, 0xFE, 0x3F,
    0x80, 0xFE, 0x1F, 0xC0, 0xFE, 0x0F, 0xE0, 0xFE, 0x0F, 0xF0, 0xFE, 0x07, 0xF0, 0xFE, 0x03, 0xF8,
    0xFE, 0x01, 0xFC, 0xFE, 0x01, 0xFE, 0x07, 0xFF, 0xFF, 0x07, 0xFF, 0xFF, 0x07, 0xFF, 0xFF, 0x07,
    0xFF, 0xFF, 0x07, 0xFF, 0xFF, 0x07, 0xF0, 0x7F, 0x07, 0xF0, 0x7F, 0x07, 0xF0, 0x7F, 0x07, 0xF0,
    0x7F, 0x07, 0xF0, 0x7F, 0x07, 0xF0, 0x7F, 0x07, 0xF0, 0x7F, 0x07, 0xF0, 0x7F, 0x07, 0xF0, 0x7F,
    0x0F, 0xE0, 0x7F, 0x1F, 0xE0, 0x7F, 0x3F, 0xE0, 0x7F, 0xFF, 0xC0, 0x7F, 0xFF, 0x80, 0x7F, 0xFF,
    0x00, 0x7F, 0xFE, 0x00, 0x7F, 0xF0, 0x00, 0x7F, 0xFF, 0x00, 0x3F, 0xC0, 0xFF, 0x80, 0x7F, 0xC0,
    0xFF, 0x80, 0x7F, 0xC0, 0xFF, 0xC0, 0xFF, 0xC0, 0xFF, 0xC0, 0xFF, 0xC0, 0xFF, 0xE1, 0xFF, 0xC0,
    0xFF, 0xE1, 0xFF, 0xC0, 0xFF, 0xE1, 0xFF, 0xC0, 0xFF, 0xF3, 0xFF, 0xC0, 0xFF, 0xF3, 0xFF, 0xC0,
    0xFF, 0xFF, 0xFF, 0xC0, 0xFE, 0xFF, 0xDF, 0xC0, 0xFE, 0xFF, 0xDF, 0xC0, 0xFE, 0x7F, 0x9F, 0xC0,
    0xFE, 0x7F, 0x9F, 0xC0, 0xFE, 0x3F, 0x1F, 0xC0, 0xFE, 0x3F, 0x1F, 0xC0, 0xFE, 0x3F, 0x1F, 0xC0,
    0xFE, 0x00, 0x1F, 0xC0, 0xFE, 0x00, 0x1F, 0xC0, 0xFE, 0x00, 0x1F, 0xC0, 0xFE, 0x00, 0x1F, 0xC0,
    0xFE, 0x03, 0xF8, 0xFE, 0x03, 0xF8, 0xFE, 0x03, 0xF8, 0xFE, 0x03, 0xF8, 0xFE, 0x03, 0xF8, 0xFE,
    0x03, 0xF8, 0xFE, 0x03, 0xF8, 0xFE, 0x03, 0xF8, 0xFF, 0xFF, 0xF8, 0xFF, 0xFF, 0xF8, 0xFF, 0xFF,
    0xF8, 0xFF, 0xFF, 0xF8, 0xFF, 0xFF, 0xF8, 0xFE, 0x03, 0xF8, 0xFE, 0x03, 0xF8, 0xFE, 0x03, 0xF8,
    0xFE, 0x03, 0xF8, 0xFE, 0x03, 0xF8, 0xFE, 0x03, 0xF8, 0xFE, 0x03, 0xF8, 0xFE, 0x03, 0xF8, 0xFE,
    0x03, 0xF8, 0x00, 0xFF, 0x00, 0x07, 0xFF, 0xE0, 0x0F, 0xFF, 0xF0, 0x1F, 0xFF, 0xF8, 0x3F, 0xFF,
    0xFC, 0x7F, 0xC3, 0xFE, 0x7F, 0x00, 0xFE, 0x7F, 0x00, 0xFE, 0xFE, 0x00, 0x7F, 0xFE, 0x00, 0x7F,
    0xFE, 0x00, 0x7F, 0xFE, 0x00, 0x7F, 0xFE, 0x00, 0x7F, 0xFE, 0x00, 0x7F, 0xFE, 0x00, 0x7F, 0xFF,
    0x00, 0xFE, 0x7F, 0x00, 0xFE, 0x7F, 0xC3, 0xFE, 0x3F, 0xFF, 0xFC, 0x1F, 0xFF, 0xF8, 0x0F, 0xFF,
    0xF0, 0x07, 0xFF, 0xE0, 0x00, 0xFF, 0x00, 0xFF, 0xFF, 0xF8, 0xFF, 0xFF, 0xF8, 0xFF, 0xFF, 0xF8,
    0xFF, 0xFF, 0xF8, 0xFF, 0xFF, 0xF8, 0xFE, 0x03, 0xF8, 0xFE, 0x03, 0xF8, 0xFE, 0x03, 0xF8, 0xFE,
    0x03, 0xF8, 0xFE, 0x03, 0xF8, 0xFE, 0x03, 0xF8, 0xFE, 0x03, 0xF8, 0xFE, 0x03, 0xF8, 0xFE, 0x03,
    0xF8, 0xFE, 0x03, 0xF8, 0xFE, 0x03, 0xF8, 0xFE, 0x03, 0xF8, 0xFE, 0x03, 0xF8, 0xFE, 0x03, 0xF8,
    0xFE, 0x03, 0xF8, 0xFE, 0x03, 0xF8, 0xFE, 0x03, 0xF8, 0x00, 0x1F, 0x80, 0xFE, 0x7F, 0xE0, 0xFE,
    0xFF, 0xF0, 0xFF, 0xFF, 0xF8, 0xFF, 0xFF, 0xF8, 0xFF, 0x83, 0xFC, 0xFF, 0x01, 0xFC, 0xFF, 0x01,
    0xFE, 0xFE, 0x00, 0xFE, 0xFE, 0x00, 0xFE, 0xFE, 0x00, 0xFE, 0xFE, 0x00, 0xFE, 0xFE, 0x00, 0xFE,
    0xFE, 0x00, 0xFE, 0xFE, 0x00, 0xFE, 0xFF, 0x01, 0xFE, 0xFF, 0x01, 0xFC, 0xFF, 0x83, 0xFC, 0xFF,
    0xFF, 0xF8, 0xFF, 0xFF, 0xF8, 0xFE, 0xFF, 0xF0, 0xFE, 0x7F, 0xE0, 0xFE, 0x1F, 0x80, 0xFE, 0x00,
    0x00, 0xFE, 0x00, 0x00, 0xFE, 0x00, 0x00, 0xFE, 0x00, 0x00, 0xFE, 0x00, 0x00, 0xFE, 0x00, 0x00,
    0xFE, 0x00, 0x00, 0xFE, 0x00, 0x00, 0x00, 0xFF, 0x80, 0x07, 0xFF, 0xE0, 0x0F, 0xFF, 0xE0, 0x1F,
    0xFF, 0xE0, 0x3F, 0xFF, 0xE0, 0x7F, 0xC0, 0xE0, 0x7F, 0x80, 0x20, 0x7F, 0x00, 0x00, 0xFE, 0x00,
    0x00, 0xFE, 0x00, 0x00, 0xFE, 0x00, 0x00, 0xFE, 0x00, 0x00, 0xFE, 0x00, 0x00, 0xFE, 0x00, 0x00,
    0xFF, 0x00, 0x00, 0x7F, 0x00, 0x00, 0x7F, 0x80, 0x20, 0x7F, 0xC0, 0xE0, 0x3F, 0xFF, 0xE0, 0x1F,
    0xFF, 0xE0, 0x0F, 0xFF, 0xE0, 0x07, 0xFF, 0xE0, 0x00, 0xFF, 0x80, 0xFF, 0xFF, 0xFE, 0xFF, 0xFF,
    0xFE, 0xFF, 0xFF, 0xFE, 0xFF, 0xFF, 0xFE, 0xFF, 0xFF, 0xFE, 0x00, 0xFE, 0x00, 0x00, 0xFE, 0x00,
    0x00, 0xFE, 0x00, 0x00, 0xFE, 0x00, 0x00, 0xFE, 0x00, 0x00, 0xFE, 0x00, 0x00, 0xFE, 0x00, 0x00,
    0xFE, 0x00, 0x00, 0xFE, 0x00, 0x00, 0xFE, 0x00, 0x00, 0xFE, 0x00, 0x00, 0xFE, 0x00, 0x00, 0xFE,
    0x00, 0x00, 0xFE, 0x00, 0x00, 0xFE, 0x00, 0x00, 0xFE, 0x00, 0x00, 0xFE, 0x00, 0xFE, 0x00, 0x3F,
    0x80, 0x7F, 0x00, 0x7F, 0x00, 0x7F, 0x00, 0x7F, 0x00, 0x7F, 0x00, 0x7F, 0x00, 0x3F, 0x80, 0xFE,
    0x00, 0x3F, 0x80, 0xFE, 0x00, 0x1F, 0xC0, 0xFE, 0x00, 0x1F, 0xC1, 0xFC, 0x00, 0x0F, 0xC1, 0xFC,
    0x00, 0x0F, 0xE1, 0xF8, 0x00, 0x0F, 0xE3, 0xF8, 0x00, 0x07, 0xF3, 0xF8, 0x00, 0x07, 0xF3, 0xF0,
    0x00, 0x03, 0xF7, 0xF0, 0x00, 0x03, 0xFF, 0xE0, 0x00, 0x01, 0xFF, 0xE0, 0x00, 0x01, 0xFF, 0xE0,
    0x00, 0x00, 0xFF, 0xC0, 0x00, 0x00, 0xFF, 0xC0, 0x00, 0x00, 0xFF, 0xC0, 0x00, 0x00, 0x7F, 0x80,
    0x00, 0x00, 0x7F, 0x80, 0x00, 0x00, 0x3F, 0x00, 0x00, 0x00, 0x3F, 0x00, 0x00, 0x00, 0x7F, 0x00,
    0x00, 0x00, 0xFE, 0x00, 0x00, 0x0F, 0xFE, 0x00, 0x00, 0x0F, 0xFC, 0x00, 0x00, 0x0F, 0xF8, 0x00,
    0x00, 0x0F, 0xF0, 0x00, 0x00, 0x0F, 0xE0, 0x00, 0x00, 0x00, 0x03, 0xF8, 0x00, 0x00, 0x00, 0x03,
    0xF8, 0x00, 0x00, 0x00, 0x03, 0xF8, 0x00, 0x00, 0x00, 0x03, 0xF8, 0x00, 0x00, 0x00, 0x03, 0xF8,
    0x00, 0x00, 0x00, 0x03, 0xF8, 0x00, 0x00, 0x00, 0x03, 0xF8, 0x00, 0x00, 0x03, 0xFB, 0xFB, 0xF8,
    0x00, 0x0F, 0xFF, 0xFF, 0xFE, 0x00, 0x1F, 0xFF, 0xFF, 0xFF, 0x00, 0x3F, 0xFF, 0xFF, 0xFF, 0x80,
    0x3F, 0xFF, 0xFF, 0xFF, 0x80, 0x7F, 0x87, 0xFC, 0x3F, 0xC0, 0x7F, 0x03, 0xF8, 0x1F, 0xC0, 0xFF,
    0x03, 0xF8, 0x1F, 0xE0, 0xFE, 0x03, 0xF8, 0x0F, 0xE0, 0xFE, 0x03, 0xF8, 0x0F, 0xE0, 0xFE, 0x03,
    0xF8, 0x0F, 0xE0, 0xFE, 0x03, 0xF8, 0x0F, 0xE0, 0xFE, 0x03, 0xF8, 0x0F, 0xE0, 0xFE, 0x03, 0xF8,
    0x0F, 0xE0, 0xFE, 0x03, 0xF8, 0x0F, 0xE0, 0xFF, 0x03, 0xF8, 0x1F, 0xC0, 0x7F, 0x03, 0xF8, 0x1F,
    0xC0, 0x7F, 0x87, 0xFC, 0x3F, 0xC0, 0x3F, 0xFF, 0xFF, 0xFF, 0x80, 0x3F, 0xFF, 0xFF, 0xFF, 0x80,
    0x1F, 0xFF, 0xFF, 0xFF, 0x00, 0x0F, 0xFF, 0xFF, 0xFE, 0x00, 0x03, 0xFB, 0xFB, 0xF8, 0x00, 0x00,
    0x03, 0xF8, 0x00, 0x00, 0x00, 0x03, 0xF8, 0x00, 0x00, 0x00, 0x03, 0xF8, 0x00, 0x00, 0x00, 0x03,
    0xF8, 0x00, 0x00, 0x00, 0x03, 0xF8, 0x00, 0x00, 0x00, 0x03, 0xF8, 0x00, 0x00, 0x00, 0x03, 0xF8,
    0x00, 0x00, 0x00, 0x03, 0xF8, 0x00, 0x00, 0xFF, 0x00, 0x7F, 0x80, 0x7F, 0x80, 0xFF, 0x00, 0x3F,
    0xC1, 0xFE, 0x00, 0x1F, 0xC1, 0xFC, 0x00, 0x1F, 0xE3, 0xFC, 0x00, 0x0F, 0xF7, 0xF8, 0x00, 0x07,
    0xFF, 0xF0, 0x00, 0x03, 0xFF, 0xE0, 0x00, 0x01, 0xFF, 0xC0, 0x00, 0x01, 0xFF, 0xC0, 0x00, 0x00,
    0xFF, 0x80, 0x00, 0x00, 0xFF, 0x80, 0x00, 0x01, 0xFF, 0xC0, 0x00, 0x03, 0xFF, 0xE0, 0x00, 0x03,
    0xFF, 0xF0, 0x00, 0x07, 0xF7, 0xF0, 0x00, 0x0F, 0xE3, 0xF8, 0x00, 0x1F, 0xE3, 0xFC, 0x00, 0x1F,
    0xC1, 0xFC, 0x00, 0x3F, 0x80, 0xFE, 0x00, 0x7F, 0x80, 0xFF, 0x00, 0xFF, 0x00, 0x7F, 0x80, 0xFE,
    0x03, 0xF8, 0x00, 0xFE, 0x03, 0xF8, 0x00, 0xFE, 0x03, 0xF8, 0x00, 0xFE, 0x03, 0xF8, 0x00, 0xFE,
    0x03, 0xF8, 0x00, 0xFE, 0x03, 0xF8, 0x00, 0xFE, 0x03, 0xF8, 0x00, 0xFE, 0x03, 0xF8, 0x00, 0xFE,
    0x03, 0xF8, 0x00, 0xFE, 0x03, 0xF8, 0x00, 0xFE, 0x03, 0xF8, 0x00, 0xFE, 0x03, 0xF8, 0x00, 0xFE,
    0x03, 0xF8, 0x00, 0xFE, 0x03, 0xF8, 0x00, 0xFE, 0x03, 0xF8, 0x00, 0xFE, 0x03, 0xF8, 0x00, 0xFE,
    0x03, 0xF8, 0x00, 0xFF, 0xFF, 0xFF, 0x80, 0xFF, 0xFF, 0xFF, 0x80, 0xFF, 0xFF, 0xFF, 0x80, 0xFF,
    0xFF, 0xFF, 0x80, 0xFF, 0xFF, 0xFF, 0x80, 0x00, 0x00, 0x0F, 0x80, 0x00, 0x00, 0x0F, 0x80, 0x00,
    0x00, 0x0F, 0x80, 0x00, 0x00, 0x0F, 0x80, 0x00, 0x00, 0x0F, 0x80, 0x00, 0x00, 0x0F, 0x80, 0xFE,
    0x07, 0xF0, 0xFE, 0x07, 0xF0, 0xFE, 0x07, 0xF0, 0xFE, 0x07, 0xF0, 0xFE, 0x07, 0xF0, 0xFE, 0x07,
    0xF0, 0xFE, 0x07, 0xF0, 0xFE, 0x07, 0xF0, 0xFF, 0x07, 0xF0, 0xFF, 0xFF, 0xF0, 0x7F, 0xFF, 0xF0,
    0x7F, 0xFF, 0xF0, 0x3F, 0xFF, 0xF0, 0x1F, 0xFF, 0xF0, 0x00, 0x07, 0xF0, 0x00, 0x07, 0xF0, 0x00,
    0x07, 0xF0, 0x00, 0x07, 0xF0, 0x00, 0x07, 0xF0, 0x00, 0x07, 0xF0, 0x00, 0x07, 0xF0, 0x00, 0x07,
    0xF0, 0xFE, 0x03, 0xF8, 0x0F, 0xE0, 0xFE, 0x03, 0xF8, 0x0F, 0xE0, 0xFE, 0x03, 0xF8, 0x0F, 0xE0,
    0xFE, 0x03, 0xF8, 0x0F, 0xE0, 0xFE, 0x03, 0xF8, 0x0F, 0xE0, 0xFE, 0x03, 0xF8, 0x0F, 0xE0, 0xFE,
    0x03, 0xF8, 0x0F, 0xE0, 0xFE, 0x03, 0xF8, 0x0F, 0xE0, 0xFE, 0x03, 0xF8, 0x0F, 0xE0, 0xFE, 0x03,
    0xF8, 0x0F, 0xE0, 0xFE, 0x03, 0xF8, 0x0F, 0xE0, 0xFE, 0x03, 0xF8, 0x0F, 0xE0, 0xFE, 0x03, 0xF8,
    0x0F, 0xE0, 0xFE, 0x03, 0xF8, 0x0F, 0xE0, 0xFE, 0x03, 0xF8, 0x0F, 0xE0, 0xFE, 0x03, 0xF8, 0x0F,
    0xE0, 0xFE, 0x03, 0xF8, 0x0F, 0xE0, 0xFF, 0xFF, 0xFF, 0xFF, 0xE0, 0xFF, 0xFF, 0xFF, 0xFF, 0xE0,
    0xFF, 0xFF, 0xFF, 0xFF, 0xE0, 0xFF, 0xFF, 0xFF, 0xFF, 0xE0, 0xFF, 0xFF, 0xFF, 0xFF, 0xE0, 0xFE,
    0x03, 0xF8, 0x0F, 0xE0, 0xFE, 0x03, 0xF8, 0x0F, 0xE0, 0xFE, 0x03, 0xF8, 0x0F, 0xE0, 0xFE, 0x03,
    0xF8, 0x0F, 0xE0, 0xFE, 0x03, 0xF8, 0x0F, 0xE0, 0xFE, 0x03, 0xF8, 0x0F, 0xE0, 0xFE, 0x03, 0xF8,
    0x0F, 0xE0, 0xFE, 0x03, 0xF8, 0x0F, 0xE0, 0xFE, 0x03, 0xF8, 0x0F, 0xE0, 0xFE, 0x03, 0xF8, 0x0F,
    0xE0, 0xFE, 0x03, 0xF8, 0x0F, 0xE0, 0xFE, 0x03, 0xF8, 0x0F, 0xE0, 0xFE, 0x03, 0xF8, 0x0F, 0xE0,
    0xFE, 0x03, 0xF8, 0x0F, 0xE0, 0xFE, 0x03, 0xF8, 0x0F, 0xE0, 0xFE, 0x03, 0xF8, 0x0F, 0xE0, 0xFE,
    0x03, 0xF8, 0x0F, 0xE0, 0xFF, 0xFF, 0xFF, 0xFF, 0xFE, 0xFF, 0xFF, 0xFF, 0xFF, 0xFE, 0xFF, 0xFF,
    0xFF, 0xFF, 0xFE, 0xFF, 0xFF, 0xFF, 0xFF, 0xFE, 0xFF, 0xFF, 0xFF, 0xFF, 0xFE, 0x00, 0x00, 0x00,
    0x00, 0x3E, 0x00, 0x00, 0x00, 0x00, 0x3E, 0x00, 0x00, 0x00, 0x00, 0x3E, 0x00, 0x00, 0x00, 0x00,
    0x3E, 0x00, 0x00, 0x00, 0x00, 0x3E, 0x00, 0x00, 0x00, 0x00, 0x3E, 0xFF, 0xFC, 0x00, 0x00, 0xFF,
    0xFC, 0x00, 0x00, 0xFF, 0xFC, 0x00, 0x00, 0xFF, 0xFC, 0x00, 0x00, 0x01, 0xFC, 0x00, 0x00, 0x01,
    0xFC, 0x00, 0x00, 0x01, 0xFC, 0x00, 0x00, 0x01, 0xFC, 0x00, 0x00, 0x01, 0xFF, 0xF0, 0x00, 0x01,
    0xFF, 0xFF, 0x00, 0x01, 0xFF, 0xFF, 0xC0, 0x01, 0xFF, 0xFF, 0xC0, 0x01, 0xFF, 0xFF, 0xE0, 0x01,
    0xFC, 0x0F, 0xE0, 0x01, 0xFC, 0x07, 0xE0, 0x01, 0xFC, 0x07, 0xE0, 0x01, 0xFC, 0x07, 0xE0, 0x01,
    0xFC, 0x1F, 0xE0, 0x01, 0xFF, 0xFF, 0xE0, 0x01, 0xFF, 0xFF, 0xC0, 0x01, 0xFF, 0xFF, 0x80, 0x01,
    0xFF, 0xFC, 0x00, 0xFE, 0x00, 0x01, 0xFC, 0xFE, 0x00, 0x01, 0xFC, 0xFE, 0x00, 0x01, 0xFC, 0xFE,
    0x00, 0x01, 0xFC, 0xFE, 0x00, 0x01, 0xFC, 0xFE, 0x00, 0x01, 0xFC, 0xFE, 0x00, 0x01, 0xFC, 0xFE,
    0x00, 0x01, 0xFC, 0xFF, 0xFE, 0x01, 0xFC, 0xFF, 0xFF, 0x81, 0xFC, 0xFF, 0xFF, 0xE1, 0xFC, 0xFF,
    0xFF, 0xE1, 0xFC, 0xFF, 0xFF, 0xF1, 0xFC, 0xFE, 0x0F, 0xF1, 0xFC, 0xFE, 0x07, 0xF1, 0xFC, 0xFE,
    0x07, 0xF1, 0xFC, 0xFE, 0x0F, 0xF1, 0xFC, 0xFF, 0xFF, 0xF1, 0xFC, 0xFF, 0xFF, 0xE1, 0xFC, 0xFF,
    0xFF, 0xE1, 0xFC, 0xFF, 0xFF, 0x81, 0xFC, 0xFF, 0xFE, 0x01, 0xFC, 0xFE, 0x00, 0x00, 0xFE, 0x00,
    0x00, 0xFE, 0x00, 0x00, 0xFE, 0x00, 0x00, 0xFE, 0x00, 0x00, 0xFE, 0x00, 0x00, 0xFE, 0x00, 0x00,
    0xFE, 0x00, 0x00, 0xFF, 0xFE, 0x00, 0xFF, 0xFF, 0x80, 0xFF, 0xFF, 0xE0, 0xFF, 0xFF, 0xE0, 0xFF,
    0xFF, 0xF0, 0xFE, 0x0F, 0xF0, 0xFE, 0x07, 0xF0, 0xFE, 0x07, 0xF0, 0xFE, 0x0F, 0xF0, 0xFF, 0xFF,
    0xF0, 0xFF, 0xFF, 0xE0, 0xFF, 0xFF, 0xE0, 0xFF, 0xFF, 0x80, 0xFF, 0xFE, 0x00, 0x7F, 0xF0, 0x00,
    0xFF, 0xFC, 0x00, 0xFF, 0xFF, 0x00, 0xFF, 0xFF, 0x80, 0xFF, 0xFF, 0x80, 0x80, 0x7F, 0xC0, 0x00,
    0x3F, 0xC0, 0x00, 0x1F, 0xE0, 0x00, 0x1F, 0xE0, 0x3F, 0xFF, 0xE0, 0x3F, 0xFF, 0xE0, 0x3F, 0xFF,
    0xE0, 0x3F, 0xFF, 0xE0, 0x00, 0x1F, 0xE0, 0x00, 0x1F, 0xE0, 0x00, 0x3F, 0xC0, 0x80, 0x7F, 0xC0,
    0xF1, 0xFF, 0x80, 0xFF, 0xFF, 0x80, 0xFF, 0xFF, 0x00, 0xFF, 0xFC, 0x00, 0xFF, 0xF0, 0x00, 0x07,
    0x00, 0x00, 0x00, 0x00, 0x3F, 0xC0, 0x00, 0xFE, 0x01, 0xFF, 0xF8, 0x00, 0xFE, 0x03, 0xFF, 0xFC,
    0x00, 0xFE, 0x07, 0xFF, 0xFE, 0x00, 0xFE, 0x0F, 0xFF, 0xFF, 0x00, 0xFE, 0x1F, 0xF0, 0xFF, 0x80,
    0xFE, 0x1F, 0xC0, 0x3F, 0x80, 0xFE, 0x3F, 0xC0, 0x3F, 0x80, 0xFE, 0x3F, 0x80, 0x1F, 0xC0, 0xFE,
    0x7F, 0x80, 0x1F, 0xC0, 0xFF, 0xFF, 0x80, 0x1F, 0xC0, 0xFF, 0xFF, 0x80, 0x1F, 0xC0, 0xFF, 0xFF,
    0x80, 0x1F, 0xC0, 0xFF, 0xFF, 0x80, 0x1F, 0xC0, 0xFE, 0x3F, 0x80, 0x1F, 0xC0, 0xFE, 0x3F, 0xC0,
    0x3F, 0x80, 0xFE, 0x1F, 0xC0, 0x3F, 0x80, 0xFE, 0x1F, 0xF0, 0xFF, 0x80, 0xFE, 0x0F, 0xFF, 0xFF,
    0x00, 0xFE, 0x07, 0xFF, 0xFE, 0x00, 0xFE, 0x03, 0xFF, 0xFC, 0x00, 0xFE, 0x01, 0xFF, 0xF8, 0x00,
    0xFE, 0x00, 0x3F, 0xC0, 0x00, 0x03, 0xFF, 0xFC, 0x0F, 0xFF, 0xFC, 0x1F, 0xFF, 0xFC, 0x1F, 0xFF,
    0xFC, 0x3F, 0xFF, 0xFC, 0x3F, 0xC1, 0xFC, 0x3F, 0x81, 0xFC, 0x3F, 0x81, 0xFC, 0x3F, 0xC1, 0xFC,
    0x1F, 0xFF, 0xFC, 0x0F, 0xFF, 0xFC, 0x07, 0xFF, 0xFC, 0x03, 0xFF, 0xFC, 0x03, 0xFF, 0xFC, 0x07,
    0xF1, 0xFC, 0x0F, 0xE1, 0xFC, 0x0F, 0xE1, 0xFC, 0x1F, 0xC1, 0xFC, 0x3F, 0x81, 0xFC, 0x3F, 0x81,
    0xFC, 0x7F, 0x01, 0xFC, 0xFF, 0x01, 0xFC, 0x03, 0xE3, 0xE0, 0x03, 0xE3, 0xE0, 0x03, 0xE3, 0xE0,
    0x03, 0xE3, 0xE0, 0x03, 0xE3, 0xE0, 0x00, 0x00, 0x00, 0x00, 0x00, 0x00, 0x00, 0x00, 0x00, 0x00,
    0xFF, 0x00, 0x07, 0xFF, 0xC0, 0x0F, 0xFF, 0xE0, 0x1F, 0xFF, 0xF0, 0x3F, 0xFF, 0xF8, 0x7F, 0x83,
    0xFC, 0x7F, 0x01, 0xFC, 0x7F, 0x00, 0xFE, 0xFE, 0x00, 0xFE, 0xFF, 0xFF, 0xFE, 0xFF, 0xFF, 0xFE,
    0xFF, 0xFF, 0xFE, 0xFF, 0xFF, 0xFE, 0xFE, 0x00, 0x00, 0xFE, 0x00, 0x00, 0xFF, 0x00, 0x04, 0x7F,
    0x00, 0x1C, 0x7F, 0xC0, 0x7C, 0x3F, 0xFF, 0xFC, 0x1F, 0xFF, 0xFC, 0x0F, 0xFF, 0xF8, 0x07, 0xFF,
    0xE0, 0x00, 0xFF, 0x00, 0xFF, 0xFF, 0xFF, 0xFF, 0xFF, 0xFF, 0xFF, 0xFF, 0xFF, 0xFF, 0xFF, 0xFF,
    0xFF, 0xFF, 0xF0, 0xFF, 0xFF, 0xFF, 0xFF, 0xF0, 0xFF, 0xFF, 0xFF, 0xFF, 0xF0, 0xFF, 0xFF, 0xFF,
    0xFF, 0xF0, 0xFF, 0xFF, 0xFF, 0xFF, 0xF0, 0xFE, 0x07, 0xF0, 0x3F, 0x80, 0xFE, 0x07, 0xF0, 0x3F,
    0x80, 0xFE, 0x07, 0xF0, 0x3F, 0x80, 0xFE, 0x07, 0xF0, 0x3F, 0x80, 0xFE, 0x07, 0xF0, 0x3F, 0x80,
    0xFE, 0x07, 0xF0, 0x3F, 0x80, 0xFE, 0x07, 0xF0, 0x3F, 0x80, 0xFE, 0x07, 0xF0, 0x3F, 0x80, 0x1F,
    0xE0, 0x00, 0x7E, 0x00, 0x00, 0x1F, 0xF0, 0x01, 0xFE, 0x00, 0x00, 0x1F, 0xF0, 0x03, 0xFE, 0x00,
    0x00, 0x1F, 0xF8, 0x03, 0xFE, 0x00, 0x00, 0x1F, 0xFC, 0x03, 0xF8, 0x00, 0x00, 0x1F, 0xFC, 0x03,
    0xF8, 0x00, 0x00, 0x1F, 0xFE, 0x03, 0xF8, 0x00, 0x00, 0x1F, 0xFE, 0x03, 0xF8, 0x00, 0x00, 0x1F,
    0xFF, 0x03, 0xF8, 0x07, 0x80, 0x1F, 0xFF, 0x03, 0xF8, 0x1F, 0xE0, 0x1F, 0xDF, 0x83, 0xF8, 0x3F,
    0xF0, 0x1F, 0xDF, 0x83, 0xF8, 0x7C, 0xF0, 0x1F, 0xCF, 0xC3, 0xF8, 0x78, 0x78, 0x1F, 0xCF, 0xC3,
    0xF8, 0x78, 0x78, 0x1F, 0xC7, 0xE3, 0xF8, 0x78, 0x78, 0x1F, 0xC7, 0xE3, 0xF8, 0x78, 0x78, 0x1F,
    0xC3, 0xF3, 0xF8, 0x78, 0x78, 0x1F, 0xC3, 0xF3, 0xF8, 0x78, 0x78, 0x1F, 0xC1, 0xFB, 0xF8, 0x78,
    0x78, 0x1F, 0xC1, 0xFB, 0xF8, 0x3F, 0xF0, 0x1F, 0xC0, 0xFF, 0xF8, 0x3F, 0xE0, 0x1F, 0xC0, 0xFF,
    0xF8, 0x0F, 0xC0, 0x1F, 0xC0, 0x7F, 0xF8, 0x00, 0x00, 0x1F, 0xC0, 0x7F, 0xF8, 0x00, 0x00, 0x3F,
    0xC0, 0x3F, 0xF8, 0x00, 0x00, 0xFF, 0x80, 0x1F, 0xF8, 0x7F, 0xF8, 0xFF, 0x80, 0x1F, 0xF8, 0x7F,
    0xF8, 0xFF, 0x00, 0x0F, 0xF8, 0x7F, 0xF8, 0xFC, 0x00, 0x0F, 0xF8, 0x7F, 0xF8, 0x00, 0x07, 0xC0,
    0x00, 0x00, 0x3F, 0xF8, 0x00, 0x00, 0xFF, 0xFE, 0x00, 0x03, 0xE0, 0x0F, 0x80, 0x07, 0x80, 0x03,
    0xC0, 0x0E, 0x00, 0x00, 0xE0, 0x1C, 0x00, 0x00, 0x70, 0x38, 0x00, 0x00, 0x38, 0x30, 0x00, 0x00,
    0x38, 0x70, 0x00, 0x00, 0x1C, 0x60, 0x00, 0x00, 0x1C, 0x60, 0x00, 0x00, 0x0C, 0xE0, 0x00, 0x00,
    0x0C, 0xE0, 0x00, 0x00, 0x0E, 0xC0, 0x00, 0x00, 0x0E, 0xC0, 0x00, 0x00, 0x0E, 0xC0, 0x00, 0x00,
    0x0E, 0xE0, 0x00, 0x00, 0x0E, 0xE0, 0x00, 0x00, 0x0C, 0x60, 0x00, 0x00, 0x0C, 0x60, 0x00, 0x00,
    0x0C, 0x70, 0x00, 0x00, 0x1C, 0x30, 0x00, 0x00, 0x18, 0x38, 0x00, 0x00, 0x38, 0x1C, 0x00, 0x00,
    0x70, 0x0E, 0x00, 0x00, 0xE0, 0x07, 0x00, 0x03, 0xC0, 0x03, 0xC0, 0x07, 0x80, 0x01, 0xF8, 0x3F,
    0x00, 0x00, 0x7F, 0xFC, 0x00, 0x00, 0x0F, 0xE0, 0x00, 0x00, 0x07, 0x80, 0x00, 0x00, 0x3F, 0xF8,
    0x00, 0x00, 0xFF, 0xFE, 0x00, 0x03, 0xFF, 0xFF, 0x80, 0x07, 0xFF, 0xFF, 0xC0, 0x0F, 0xFF, 0xFF,
    0xE0, 0x1F, 0xFF, 0xFF, 0xF0, 0x1F, 0xFF, 0xFF, 0xF0, 0x3F, 0xFF, 0xFF, 0xF8, 0x7F, 0xFF, 0xFF,
    0xF8, 0x7F, 0xFF, 0xFF, 0xFC, 0x7F, 0xFF, 0xFF, 0xFC, 0xFF, 0xFF, 0xFF, 0xFC, 0xFF, 0xFF, 0xFF,
    0xFE, 0xFF, 0xFF, 0xFF, 0xFE, 0xFF, 0xFF, 0xFF, 0xFE, 0xFF, 0xFF, 0xFF, 0xFE, 0xFF, 0xFF, 0xFF,
    0xFE, 0xFF, 0xFF, 0xFF, 0xFC, 0x7F, 0xFF, 0xFF, 0xFC, 0x7F, 0xFF, 0xFF, 0xFC, 0x7F, 0xFF, 0xFF,
    0xFC, 0x3F, 0xFF, 0xFF, 0xF8, 0x3F, 0xFF, 0xFF, 0xF8, 0x1F, 0xFF, 0xFF, 0xF0, 0x0F, 0xFF, 0xFF,
    0xE0, 0x07, 0xFF, 0xFF, 0xC0, 0x03, 0xFF, 0xFF, 0x80, 0x01, 0xFF, 0xFF, 0x00, 0x00, 0x7F, 0xFC,
    0x00, 0x00, 0x0F, 0xE0, 0x00,
};

// Таблица глифов: {кодовая точка, w, h, шаг пера, x0, y0, смещение растра}
static const ui_glyph_t ui_font_sans40b_glyphs[] = {
    { 0x0020,   0,   0,  14,   0,   0, 0x0000 },   // U+0020 ' '
    { 0x0021,   7,  29,  18,   6,   9, 0x0000 },   // U+0021 '!'
    { 0x0022,  14,  11,  21,   4,   9, 0x001D },   // U+0022 '"'
    { 0x0023,  28,  29,  34,   3,   9, 0x0033 },   // U+0023 '#'
    { 0x0024,  21,  36,  28,   4,   8, 0x00A7 },   // U+0024 '$'
    { 0x0025,  38,  30,  40,   1,   8, 0x0113 },   // U+0025 '%'
    { 0x0026,  31,  30,  35,   2,   8, 0x01A9 },   // U+0026 '&'
    { 0x0027,   5,  11,  12,   4,   9, 0x0221 },   // U+0027 '''
    { 0x0028,  12,  36,  18,   3,   8, 0x022C },   // U+0028 '('
    { 0x0029,  12,  36,  18,   3,   8, 0x0274 },   // U+0029 ')'
    { 0x002A,  19,  19,  21,   1,   8, 0x02BC },   // U+002A '*'
    { 0x002B,  25,  25,  34,   4,  13, 0x02F5 },   // U+002B '+'
    { 0x002C,   9,  13,  15,   2,  30, 0x0359 },   // U+002C ','
    { 0x002D,  12,   6,  17,   2,  24, 0x0373 },   // U+002D '-'
    { 0x002E,   7,   8,  15,   4,  30, 0x037F },   // U+002E '.'
    { 0x002F,  15,  33,  15,   0,   9, 0x0387 },   // U+002F '/'
    { 0x0030,  24,  30,  28,   2,   8, 0x03C9 },   // U+0030 '0'
    { 0x0031,  21,  29,  28,   4,   9, 0x0423 },   // U+0031 '1'
    { 0x0032,  21,  30,  28,   3,   8, 0x047A },   // U+0032 '2'
    { 0x0033,  22,  30,  28,   3,   8, 0x04D4 },   // U+0033 '3'
    { 0x0034,  24,  29,  28,   2,   9, 0x052E },   // U+0034 '4'
    { 0x0035,  22,  29,  28,   3,   9, 0x0585 },   // U+0035 '5'
    { 0x0036,  23,  30,  28,   2,   8, 0x05DC },   // U+0036 '6'
    { 0x0037,  22,  29,  28,   3,   9, 0x0636 },   // U+0037 '7'
    { 0x0038,  23,  30,  28,   2,   8, 0x068D },   // U+0038 '8'
    { 0x0039,  23,  30,  28,   2,   8, 0x06E7 },   // U+0039 '9'
    { 0x003A,   7,  22,  16,   4,  16, 0x0741 },   // U+003A ':'
    { 0x003B,   9,  27,  16,   2,  16, 0x0757 },   // U+003B ';'
    { 0x003C,  25,  23,  34,   4,  14, 0x078D },   // U+003C '<'
    { 0x003D,  25,  14,  34,   4,  19, 0x07E9 },   // U+003D '='
    { 0x003E,  25,  23,  34,   4,  14, 0x0821 },   // U+003E '>'
    { 0x003F,  18,  29,  23,   3,   9, 0x087D },   // U+003F '?'
    { 0x0040,  35,  35,  40,   3,  10, 0x08D4 },   // U+0040 '@'
    { 0x0041,  31,  29,  31,   0,   9, 0x0983 },   // U+0041 'A'
    { 0x0042,  24,  29,  30,   4,   9, 0x09F7 },   // U+0042 'B'
    { 0x0043,  25,  30,  29,   2,   8, 0x0A4E },   // U+0043 'C'
    { 0x0044,  27,  29,  33,   4,   9, 0x0AC6 },   // U+0044 'D'
    { 0x0045,  21,  29,  27,   4,   9, 0x0B3A },   // U+0045 'E'
    { 0x0046,  20,  29,  27,   4,   9, 0x0B91 },   // U+0046 'F'
    { 0x0047,  28,  30,  33,   2,   8, 0x0BE8 },   // U+0047 'G'
    { 0x0048,  26,  29,  33,   4,   9, 0x0C60 },   // U+0048 'H'
    { 0x0049,   8,  29,  15,   4,   9, 0x0CD4 },   // U+0049 'I'
    { 0x004A,  12,  37,  15,   0,   9, 0x0CF1 },   // U+004A 'J'
    { 0x004B,  29,  29,  31,   4,   9, 0x0D3B },   // U+004B 'K'
    { 0x004C,  21,  29,  25,   4,   9, 0x0DAF },   // U+004C 'L'
    { 0x004D,  32,  29,  40,   4,   9, 0x0E06 },   // U+004D 'M'
    { 0x004E,  26,  29,  33,   4,   9, 0x0E7A },   // U+004E 'N'
    { 0x004F,  30,  30,  34,   2,   8, 0x0EEE },   // U+004F 'O'
    { 0x0050,  24,  29,  29,   4,   9, 0x0F66 },   // U+0050 'P'
    { 0x0051,  30,  36,  34,   2,   8, 0x0FBD },   // U+0051 'Q'
    { 0x0052,  27,  29,  31,   4,   9, 0x104D },   // U+0052 'R'
    { 0x0053,  23,  30,  29,   3,   8, 0x10C1 },   // U+0053 'S'
    { 0x0054,  28,  29,  27,   0,   9, 0x111B },   // U+0054 'T'
    { 0x0055,  25,  29,  32,   4,   9, 0x118F },   // U+0055 'U'
    { 0x0056,  31,  29,  31,   0,   9, 0x1203 },   // U+0056 'V'
    { 0x0057,  42,  29,  44,   1,   9, 0x1277 },   // U+0057 'W'
    { 0x0058,  29,  29,  31,   1,   9, 0x1325 },   // U+0058 'X'
    { 0x0059,  30,  29,  29,   0,   9, 0x1399 },   // U+0059 'Y'
    { 0x005A,  25,  29,  29,   2,   9, 0x140D },   // U+005A 'Z'
    { 0x005B,  12,  36,  18,   3,   8, 0x1481 },   // U+005B '['
    { 0x005C,  15,  33,  15,   0,   9, 0x14C9 },   // U+005C '\'
    { 0x005D,  12,  36,  18,   3,   8, 0x150B },   // U+005D ']'
    { 0x005E,  25,  11,  34,   4,   9, 0x1553 },   // U+005E '^'
    { 0x005F,  20,   4,  20,   0,  43, 0x157F },   // U+005F '_'
    { 0x0060,  11,   7,  20,   2,   6, 0x158B },   // U+0060 '`'
    { 0x0061,  22,  23,  27,   2,  15, 0x1599 },   // U+0061 'a'
    { 0x0062,  23,  30,  29,   3,   8, 0x15DE },   // U+0062 'b'
    { 0x0063,  19,  23,  24,   2,  15, 0x1638 },   // U+0063 'c'
    { 0x0064,  23,  30,  29,   2,   8, 0x167D },   // U+0064 'd'
    { 0x0065,  23,  23,  27,   2,  15, 0x16D7 },   // U+0065 'e'
    { 0x0066,  17,  30,  17,   1,   8, 0x171C },   // U+0066 'f'
    { 0x0067,  23,  32,  29,   2,  15, 0x1776 },   // U+0067 'g'
    { 0x0068,  22,  30,  28,   3,   8, 0x17D6 },   // U+0068 'h'
    { 0x0069,   7,  30,  14,   3,   8, 0x1830 },   // U+0069 'i'
    { 0x006A,  10,  39,  14,   0,   8, 0x184E },   // U+006A 'j'
    { 0x006B,  24,  30,  27,   3,   8, 0x189C },   // U+006B 'k'
    { 0x006C,   7,  30,  14,   3,   8, 0x18F6 },   // U+006C 'l'
    { 0x006D,  35,  23,  42,   3,  15, 0x1914 },   // U+006D 'm'
    { 0x006E,  22,  23,  28,   3,  15, 0x1987 },   // U+006E 'n'
    { 0x006F,  24,  23,  27,   2,  15, 0x19CC },   // U+006F 'o'
    { 0x0070,  23,  31,  29,   3,  15, 0x1A11 },   // U+0070 'p'
    { 0x0071,  23,  31,  29,   2,  15, 0x1A6E },   // U+0071 'q'
    { 0x0072,  16,  23,  20,   3,  15, 0x1ACB },   // U+0072 'r'
    { 0x0073,  20,  23,  24,   2,  15, 0x1AF9 },   // U+0073 's'
    { 0x0074,  17,  28,  19,   1,  10, 0x1B3E },   // U+0074 't'
    { 0x0075,  22,  22,  28,   3,  16, 0x1B92 },   // U+0075 'u'
    { 0x0076,  25,  22,  26,   1,  16, 0x1BD4 },   // U+0076 'v'
    { 0x0077,  34,  22,  37,   1,  16, 0x1C2C },   // U+0077 'w'
    { 0x0078,  25,  22,  26,   1,  16, 0x1C9A },   // U+0078 'x'
    { 0x0079,  25,  31,  26,   0,  16, 0x1CF2 },   // U+0079 'y'
    { 0x007A,  20,  22,  23,   2,  16, 0x1D6E },   // U+007A 'z'
    { 0x007B,  19,  37,  28,   5,   8, 0x1DB0 },   // U+007B '{'
    { 0x007C,   5,  40,  15,   5,   7, 0x1E1F },   // U+007C '|'
    { 0x007D,  19,  37,  28,   5,   8, 0x1E47 },   // U+007D '}'
    { 0x007E,  25,   8,  34,   4,  21, 0x1EB6 },   // U+007E '~'
    { 0x00AB,  20,  18,  26,   3,  17, 0x1ED6 },   // U+00AB '«'
    { 0x00B0,  13,  13,  20,   3,   8, 0x1F0C },   // U+00B0 '°'
    { 0x00B7,   7,   8,  15,   4,  20, 0x1F26 },   // U+00B7 '·'
    { 0x00BB,  20,  18,  26,   4,  17, 0x1F2E },   // U+00BB '»'
    { 0x00D7,  24,  23,  34,   5,  14, 0x1F64 },   // U+00D7 '×'
    { 0x0401,  21,  37,  27,   4,   1, 0x1FA9 },   // U+0401 'Ё'
    { 0x0410,  31,  29,  31,   0,   9, 0x2018 },   // U+0410 'А'
    { 0x0411,  24,  29,  30,   4,   9, 0x208C },   // U+0411 'Б'
    { 0x0412,  24,  29,  30,   4,   9, 0x20E3 },   // U+0412 'В'
    { 0x0413,  21,  29,  25,   4,   9, 0x213A },   // U+0413 'Г'
    { 0x0414,  31,  35,  36,   2,   9, 0x2191 },   // U+0414 'Д'
    { 0x0415,  21,  29,  27,   4,   9, 0x221D },   // U+0415 'Е'
    { 0x0416,  48,  29,  49,   1,   9, 0x2274 },   // U+0416 'Ж'
    { 0x0417,  23,  30,  28,   3,   8, 0x2322 },   // U+0417 'З'
    { 0x0418,  26,  29,  33,   4,   9, 0x237C },   // U+0418 'И'
    { 0x0419,  26,  37,  33,   4,   1, 0x23F0 },   // U+0419 'Й'
    { 0x041A,  28,  29,  33,   4,   9, 0x2484 },   // U+041A 'К'
    { 0x041B,  28,  29,  33,   2,   9, 0x24F8 },   // U+041B 'Л'
    { 0x041C,  32,  29,  40,   4,   9, 0x256C },   // U+041C 'М'
    { 0x041D,  26,  29,  33,   4,   9, 0x25E0 },   // U+041D 'Н'
    { 0x041E,  30,  30,  34,   2,   8, 0x2654 },   // U+041E 'О'
    { 0x041F,  26,  29,  33,   4,   9, 0x26CC },   // U+041F 'П'
    { 0x0420,  24,  29,  29,   4,   9, 0x2740 },   // U+0420 'Р'
    { 0x0421,  25,  30,  29,   2,   8, 0x2797 },   // U+0421 'С'
    { 0x0422,  28,  29,  27,   0,   9, 0x280F },   // U+0422 'Т'
    { 0x0423,  29,  29,  31,   1,   9, 0x2883 },   // U+0423 'У'
    { 0x0424,  36,  29,  40,   2,   9, 0x28F7 },   // U+0424 'Ф'
    { 0x0425,  29,  29,  31,   1,   9, 0x2988 },   // U+0425 'Х'
    { 0x0426,  31,  35,  37,   4,   9, 0x29FC },   // U+0426 'Ц'
    { 0x0427,  25,  29,  32,   3,   9, 0x2A88 },   // U+0427 'Ч'
    { 0x0428,  42,  29,  49,   4,   9, 0x2AFC },   // U+0428 'Ш'
    { 0x0429,  47,  35,  53,   4,   9, 0x2BAA },   // U+0429 'Щ'
    { 0x042A,  34,  29,  38,   2,   8, 0x2C7C },   // U+042A 'Ъ'
    { 0x042B,  35,  29,  41,   4,   9, 0x2D0D },   // U+042B 'Ы'
    { 0x042C,  24,  29,  30,   4,   9, 0x2D9E },   // U+042C 'Ь'
    { 0x042D,  24,  31,  29,   3,   8, 0x2DF5 },   // U+042D 'Э'
    { 0x042E,  41,  30,  47,   4,   8, 0x2E52 },   // U+042E 'Ю'
    { 0x042F,  24,  29,  31,   3,   9, 0x2F06 },   // U+042F 'Я'
    { 0x0430,  22,  23,  27,   2,  15, 0x2F5D },   // U+0430 'а'
    { 0x0431,  24,  30,  28,   2,   7, 0x2FA2 },   // U+0431 'б'
    { 0x0432,  20,  22,  25,   3,  16, 0x2FFC },   // U+0432 'в'
    { 0x0433,  17,  22,  21,   3,  16, 0x303E },   // U+0433 'г'
    { 0x0434,  28,  28,  32,   2,  16, 0x3080 },   // U+0434 'д'
    { 0x0435,  23,  23,  27,   2,  15, 0x30F0 },   // U+0435 'е'
    { 0x0436,  39,  22,  40,   0,  16, 0x3135 },   // U+0436 'ж'
    { 0x0437,  19,  23,  23,   2,  15, 0x31A3 },   // U+0437 'з'
    { 0x0438,  21,  22,  28,   3,  16, 0x31E8 },   // U+0438 'и'
    { 0x0439,  21,  30,  28,   3,   8, 0x322A },   // U+0439 'й'
    { 0x043A,  23,  22,  27,   3,  16, 0x3284 },   // U+043A 'к'
    { 0x043B,  24,  22,  29,   2,  16, 0x32C6 },   // U+043B 'л'
    { 0x043C,  26,  22,  33,   3,  16, 0x3308 },   // U+043C 'м'
    { 0x043D,  21,  22,  28,   3,  16, 0x3360 },   // U+043D 'н'
    { 0x043E,  24,  23,  27,   2,  15, 0x33A2 },   // U+043E 'о'
    { 0x043F,  21,  22,  28,   3,  16, 0x33E7 },   // U+043F 'п'
    { 0x0440,  23,  31,  29,   3,  15, 0x3429 },   // U+0440 'р'
    { 0x0441,  19,  23,  24,   2,  15, 0x3486 },   // U+0441 'с'
    { 0x0442,  23,  22,  23,   0,  16, 0x34CB },   // U+0442 'т'
    { 0x0443,  25,  31,  26,   0,  16, 0x350D },   // U+0443 'у'
    { 0x0444,  35,  38,  40,   2,   8, 0x3589 },   // U+0444 'ф'
    { 0x0445,  25,  22,  26,   1,  16, 0x3647 },   // U+0445 'х'
    { 0x0446,  25,  28,  30,   2,  16, 0x369F },   // U+0446 'ц'
    { 0x0447,  20,  22,  27,   3,  16, 0x370F },   // U+0447 'ч'
    { 0x0448,  35,  22,  42,   3,  16, 0x3751 },   // U+0448 'ш'
    { 0x0449,  39,  28,  44,   3,  16, 0x37BF },   // U+0449 'щ'
    { 0x044A,  27,  22,  30,   1,  16, 0x384B },   // U+044A 'ъ'
    { 0x044B,  30,  22,  36,   3,  16, 0x38A3 },   // U+044B 'ы'
    { 0x044C,  20,  22,  25,   3,  16, 0x38FB },   // U+044C 'ь'
    { 0x044D,  19,  23,  24,   3,  15, 0x393D },   // U+044D 'э'
    { 0x044E,  34,  23,  39,   3,  15, 0x3982 },   // U+044E 'ю'
    { 0x044F,  22,  22,  26,   1,  16, 0x39F5 },   // U+044F 'я'
    { 0x0451,  23,  31,  27,   2,   7, 0x3A37 },   // U+0451 'ё'
    { 0x2013,  16,   5,  20,   2,  25, 0x3A94 },   // U+2013 '–'
    { 0x2014,  36,   5,  40,   2,  25, 0x3A9E },   // U+2014 '—'
    { 0x2026,  33,   8,  40,   3,  30, 0x3AB7 },   // U+2026 '…'
    { 0x2116,  45,  29,  48,   1,   8, 0x3ADF },   // U+2116 '№'
    { 0x25CB,  31,  31,  35,   2,  12, 0x3B8D },   // U+25CB '○'
    { 0x25CF,  31,  31,  35,   2,  12, 0x3C09 },   // U+25CF '●'
};

const ui_font_t ui_font_sans40b = {
    .line_height = 48,
    .ascent      = 38,
    .glyph_count = 172,
    .glyphs      = ui_font_sans40b_glyphs,
    .bitmap      = ui_font_sans40b_bitmap,
};
